avg_rating,rating_count
3.8724696356275303,247
3.4018691588785046,107
3.1610169491525424,59
2.3846153846153846,13
3.267857142857143,56
3.8846153846153846,104
3.2830188679245285,53
3.8,5
3.15,20
3.4508196721311477,122
3.6890243902439024,82
2.861111111111111,18
3.9375,8
3.4516129032258065,31
2.3181818181818183,11
3.9488636363636362,88
3.9244186046511627,86
3.2884615384615383,26
2.597826086956522,92
2.5384615384615383,13
3.536842105263158,95
3.3552631578947367,38
3.090909090909091,22
3.0441176470588234,34
3.742574257425743,101
4.1,5
3.142857142857143,7
4.083333333333333,18
4.025,40
4.05,10
3.1785714285714284,42
3.923469387755102,196
3.6013513513513513,148
3.5454545454545454,11
3.9375,104
2.0,2
2.0,2
3.55,120
3.9166666666666665,6
4.021739130434782,23
2.3333333333333335,9
3.625,12
2.6973684210526314,38
3.5232558139534884,43
3.1666666666666665,12
4.034825870646766,201
2.9262295081967213,61
4.0,2
4.370646766169155,201
3.6372549019607843,51
5.0,1
3.6666666666666665,3
3.3333333333333335,6
3.142857142857143,14
4.0,45
4.0,2
2.828125,32
3.5714285714285716,7
3.689655172413793,87
2.8333333333333335,6
2.4,10
2.025,20
2.0,5
3.5,8
3.8181818181818183,22
3.0208333333333335,48
2.4285714285714284,7
3.1666666666666665,6
4.115384615384615,13
3.026315789473684,19
3.3333333333333335,15
4.0,2
3.2,10
2.9615384615384617,26
4.625,4
3.25,18
3.8,10
3.0,3
4.0,1
4.0625,16
3.764705882352941,17
1.6666666666666667,3
2.891304347826087,23
3.4411764705882355,17
3.5416666666666665,12
2.227272727272727,11
3.5681818181818183,22
3.1774193548387095,93
1.0,1
3.875,8
3.0,1
2.75,4
3.4285714285714284,21
3.8823529411764706,17
2.590909090909091,11
4.0,4
3.2925531914893615,94
3.1145833333333335,48
3.462962962962963,27
4.0,1
3.9451754385964914,228
4.22457627118644,118
3.295918367346939,49
3.2,5
3.0,1
4.75,6
3.0,6
2.8,5
3.0,1
3.8,5
3.0526315789473686,19
4.0,7
3.0,1
3.7142857142857144,21
2.7,10
3.0,1
4.5,1
2.0,1
2.875,8
3.0,27
1.0,1
3.4782608695652173,23
3.5806451612903225,93
3.326923076923077,26
3.2790697674418605,43
4.333333333333333,3
3.642857142857143,21
4.0,1
4.333333333333333,6
3.9025,200
3.5625,48
3.8333333333333335,3
2.7829457364341086,129
3.8125,16
3.0555555555555554,9
3.9545454545454546,11
2.375,8
2.8706896551724137,58
3.9375,8
2.3412698412698414,63
3.83125,80
4.136363636363637,33
3.515873015873016,63
3.5576923076923075,26
3.443661971830986,142
3.0,4
4.0,1
3.116279069767442,43
2.5625,8
3.2884615384615383,26
4.333333333333333,6
2.5729166666666665,48
2.5642857142857145,70
2.25,4
3.9565217391304346,23
3.7777777777777777,18
2.8846153846153846,13
4.7,5
3.5,6
3.3068181818181817,44
1.8,15
5.0,1
4.5,2
3.1029411764705883,102
2.875,48
2.8333333333333335,3
3.125,16
4.0,1
3.8333333333333335,6
3.0,5
2.3142857142857145,35
4.291666666666667,24
3.2142857142857144,14
2.809090909090909,55
3.441860465116279,43
3.3333333333333335,3
4.0,1
4.0,1
3.0,4
3.3043478260869565,23
3.0,31
4.0,4
3.6,10
3.375,28
2.752212389380531,113
2.6,5
3.3333333333333335,3
4.222222222222222,9
3.0,2
3.7222222222222223,18
3.0238095238095237,42
2.7142857142857144,7
3.3333333333333335,15
4.25,4
3.0,2
3.9318181818181817,22
3.963302752293578,109
3.6,35
3.173076923076923,52
3.15625,16
2.0,1
4.083333333333333,12
3.7,25
3.1107594936708862,158
4.208333333333333,24
4.269230769230769,13
2.75,12
3.9038461538461537,78
3.3583333333333334,60
3.1911764705882355,34
3.0,5
2.933333333333333,15
3.4,5
3.5,4
3.75,4
4.0,1
3.0,1
3.0,1
4.040983606557377,61
3.6511627906976742,43
3.1538461538461537,13
3.375,20
3.25,4
3.0,1
3.0609756097560976,41
3.396,125
3.0,4
2.2,5
2.7023809523809526,42
3.576923076923077,13
2.5,11
3.7,5
4.221649484536083,291
3.715686274509804,51
3.85,20
3.0,1
4.5,2
3.879032258064516,62
3.4863013698630136,73
2.730769230769231,13
4.25,4
3.6666666666666665,3
3.2222222222222223,9
3.5,4
4.0,39
3.1296296296296298,27
2.6666666666666665,3
2.8,5
2.8636363636363638,22
3.357142857142857,35
3.0,5
2.875,4
4.113636363636363,22
3.861111111111111,18
3.284090909090909,44
3.0,1
4.0,1
3.2,5
3.336448598130841,107
3.4642857142857144,14
3.9375,16
2.0,6
3.309090909090909,110
4.071969696969697,132
3.3333333333333335,3
3.0,4
4.256172839506172,324
3.75,16
3.75,90
5.0,1
3.7142857142857144,7
3.1875,24
3.3333333333333335,3
2.75,12
4.171875,32
4.145161290322581,31
4.159090909090909,22
5.0,3
3.6,5
2.7142857142857144,7
3.9411764705882355,17
2.909090909090909,44
3.3689655172413793,145
2.9642857142857144,70
4.487138263665595,311
3.973684210526316,38
2.75,4
3.642857142857143,7
3.642857142857143,14
3.3333333333333335,3
3.0,1
4.071428571428571,7
2.75,26
3.625,8
3.3508771929824563,114
2.7,10
3.0,6
3.2,10
3.32,50
3.0714285714285716,14
3.0,3
3.0,1
3.7954545454545454,88
2.8,15
3.4405940594059405,101
3.0,8
4.5,2
3.4375,56
3.0,1
2.8714285714285714,175
3.75,48
3.0,6
3.857142857142857,7
3.9375,40
3.7869565217391306,115
3.3285714285714287,70
3.1923076923076925,13
3.357142857142857,7
3.58955223880597,67
3.5,2
2.2051282051282053,39
4.05425219941349,341
3.6844262295081966,122
2.4285714285714284,7
2.5,12
3.38,25
3.45,30
4.5,5
3.7775,200
3.0,10
3.272727272727273,11
3.070063694267516,157
3.535211267605634,71
3.0555555555555554,9
3.0522388059701493,67
3.25,20
3.0588235294117645,34
4.138888888888889,18
2.1,20
3.6666666666666665,3
3.425531914893617,47
3.566666666666667,180
3.25,12
3.261904761904762,21
3.515151515151515,198
3.1379310344827585,29
3.1052631578947367,19
3.1153846153846154,13
3.25,4
3.6666666666666665,3
3.6666666666666665,6
4.0,1
4.1,5
3.0,3
2.6666666666666665,3
2.1,5
4.0,1
2.3125,16
3.05,10
3.0,1
2.5,1
3.1506849315068495,73
3.54,25
2.3076923076923075,26
2.5,7
2.8333333333333335,12
3.25,6
3.6153846153846154,13
3.0,2
2.6,15
2.6315789473684212,57
3.0,11
3.7222222222222223,9
3.392857142857143,14
3.0,3
3.875,4
3.1666666666666665,12
2.4285714285714284,14
3.717391304347826,23
2.5555555555555554,9
3.671875,32
2.6507936507936507,63
2.857142857142857,7
3.0849056603773586,106
2.463636363636364,55
2.2,5
2.75,4
3.0,2
1.0,1
3.561111111111111,90
3.6621621621621623,37
2.968421052631579,95
2.6666666666666665,6
3.0,7
3.111111111111111,9
4.0,9
4.0,1
3.590909090909091,11
3.5,2
3.4375,16
3.4285714285714284,7
4.0,8
2.4,5
3.4727272727272727,110
2.838709677419355,31
3.3333333333333335,6
3.9530516431924885,213
3.75,4
3.5,2
2.5,2
3.3,5
3.4285714285714284,7
3.111111111111111,9
3.5,5
3.169491525423729,59
3.3333333333333335,3
3.303030303030303,33
3.125,8
2.0,3
3.877551020408163,49
3.5,2
1.0,3
3.8625,80
4.209677419354839,31
4.0,1
3.59375,16
3.25,4
3.7062043795620436,274
3.34375,32
2.85,10
2.75,4
2.75,6
2.8867924528301887,53
2.5,2
3.5,2
3.125,4
2.625,12
3.4285714285714284,14
3.2857142857142856,21
3.738095238095238,21
3.3043478260869565,23
3.4754098360655736,61
3.8125,8
2.6666666666666665,3
3.9833333333333334,60
2.6666666666666665,3
3.0,1
3.4673202614379086,153
4.1,15
2.4375,16
3.2,5
2.7142857142857144,7
3.111111111111111,9
3.5,17
3.6686046511627906,86
3.75,78
2.3,5
3.0,3
3.5,2
2.5,6
3.6470588235294117,17
4.043478260869565,46
2.923076923076923,13
3.09375,16
2.1363636363636362,11
2.3958333333333335,24
3.0615384615384613,65
3.6,10
2.8333333333333335,9
3.3333333333333335,6
3.5555555555555554,36
1.0,1
4.30327868852459,244
2.5,2
3.933333333333333,45
3.564516129032258,31
3.25,18
3.3333333333333335,6
4.2,25
3.8846153846153846,26
2.25,4
3.05,10
3.9,25
3.428,125
2.6944444444444446,18
4.037671232876712,146
2.736842105263158,19
3.3461538461538463,52
2.611111111111111,9
1.7352941176470589,17
3.0,5
3.0,9
4.125,12
3.272727272727273,11
3.65,90
3.14,50
3.482456140350877,57
3.0,2
3.8857142857142857,70
3.9,15
2.6666666666666665,9
5.0,1
3.0,1
3.716666666666667,30
3.0,1
3.0,1
4.5,2
4.0,2
3.5,2
2.5,6
4.0,1
1.0,1
3.3333333333333335,9
3.5714285714285716,14
2.0,2
3.0,3
4.235294117647059,17
4.0,1
3.073170731707317,41
3.112403100775194,129
3.3253968253968256,126
3.6744186046511627,215
4.006329113924051,237
3.717821782178218,202
3.3979591836734695,196
4.1381578947368425,304
3.6619718309859155,71
3.75,176
3.5833333333333335,66
3.360544217687075,147
4.035714285714286,14
4.0,1
3.0,1
3.3421052631578947,19
2.75,6
4.256696428571429,224
3.107142857142857,14
3.3484848484848486,33
3.0,7
2.6666666666666665,6
3.5,13
1.5,2
3.5,2
3.4642857142857144,42
1.0,1
2.125,4
3.25,2
3.3333333333333335,3
2.0,1
3.3333333333333335,9
3.88,50
3.5,2
3.25,10
4.5,2
4.0,3
3.857142857142857,7
2.7586206896551726,29
4.0,1
3.2,5
3.3333333333333335,18
3.629032258064516,31
3.5327380952380953,168
3.1875,8
1.0,1
3.1129032258064515,62
3.0,2
4.25,2
3.6320754716981134,53
3.111111111111111,9
3.411764705882353,17
3.5,2
3.4,5
3.6666666666666665,3
4.0,4
3.1666666666666665,3
4.03030303030303,33
2.68,50
2.6904761904761907,21
3.8333333333333335,12
4.0,1
3.9166666666666665,6
3.0,1
3.125,4
3.0,2
2.45,10
4.0,1
3.357142857142857,7
2.0,1
2.85,10
4.0,2
2.0,2
3.3333333333333335,3
3.0,1
3.142857142857143,7
5.0,1
3.0,1
3.0,6
2.8333333333333335,3
3.111111111111111,27
3.401639344262295,61
2.875,12
1.5,2
3.2222222222222223,9
3.5454545454545454,11
2.6666666666666665,3
3.0,3
2.8088235294117645,34
4.0,45
4.0,1
4.0,2
3.111111111111111,36
2.375,4
3.0,2
3.96875,16
2.75,4
3.737037037037037,135
4.125,8
3.25,150
2.3666666666666667,15
4.148148148148148,27
2.75,6
2.6818181818181817,22
4.193548387096774,62
2.0,1
2.75,2
3.272727272727273,22
4.20952380952381,105
3.5,5
3.6666666666666665,3
2.0,1
3.0,1
4.0,1
5.0,2
3.3333333333333335,3
3.111111111111111,18
2.4615384615384617,39
5.0,1
2.8055555555555554,18
4.222222222222222,9
4.0,1
3.0,1
2.0,1
4.141129032258065,124
2.625,4
3.4839449541284404,218
3.75,4
3.3333333333333335,6
3.357142857142857,49
2.5508474576271185,59
3.3333333333333335,60
3.108695652173913,69
4.5,2
3.0808823529411766,68
4.0,1
3.4166666666666665,12
3.2291666666666665,24
4.071428571428571,35
3.2083333333333335,12
3.326388888888889,72
4.25,2
2.892857142857143,14
3.7653061224489797,49
2.888888888888889,9
3.25,2
2.75,4
2.0,8
2.6666666666666665,3
3.0,1
2.607142857142857,14
5.0,1
3.0,3
3.375,4
1.0,7
3.1346153846153846,26
3.5,2
3.5657894736842106,76
2.625,4
3.0,1
3.1666666666666665,6
2.576923076923077,13
3.6666666666666665,18
3.817073170731707,41
3.272727272727273,11
3.5,2
3.7142857142857144,7
2.3333333333333335,3
3.0,1
5.0,1
4.0,3
3.4545454545454546,11
2.6964285714285716,28
4.5,4
3.0,8
3.2596153846153846,52
4.0,1
4.4875,200
3.5,12
3.5,2
4.0,1
3.8703703703703702,27
3.0,1
2.75,4
1.6666666666666667,3
5.0,1
4.0,2
5.0,1
3.3,5
2.38,25
3.0,4
2.6666666666666665,3
2.0,1
1.5,1
3.6666666666666665,3
4.0,1
2.2222222222222223,9
3.7857142857142856,7
4.666666666666667,3
3.6666666666666665,3
3.625,4
4.351351351351352,37
4.1953125,64
3.9545454545454546,22
3.9166666666666665,12
3.590909090909091,44
4.22463768115942,69
4.315217391304348,92
4.38,25
3.6538461538461537,13
4.090909090909091,11
4.2701149425287355,87
3.803030303030303,33
3.946969696969697,66
4.111111111111111,27
4.235042735042735,117
4.387096774193548,62
3.6470588235294117,51
3.891304347826087,23
4.019230769230769,26
3.6875,8
3.5714285714285716,14
3.9572649572649574,117
4.044117647058823,68
3.9,20
4.294871794871795,39
4.2,85
3.886178861788618,123
4.434210526315789,38
4.5,5
4.173913043478261,23
3.8,5
4.119047619047619,21
3.8125,16
3.59375,16
3.9655172413793105,29
3.5833333333333335,24
4.083333333333333,6
3.6923076923076925,13
3.8,5
3.8181818181818183,11
4.0,1
3.9722222222222223,18
3.875,4
3.8846153846153846,26
4.0,12
3.0,3
4.0,21
4.3,10
3.6818181818181817,11
3.590909090909091,11
3.59375,16
4.205882352941177,17
4.211538461538462,26
3.357142857142857,21
4.152777777777778,72
4.225806451612903,31
4.066666666666666,30
3.1666666666666665,3
4.0,1
2.5,2
5.0,1
3.0,2
3.0,2
2.5,2
3.84375,16
4.0,1
4.111111111111111,27
4.42,50
3.5,5
3.7941176470588234,17
2.5,1
4.285714285714286,7
3.0,2
1.0,1
1.0,1
3.0,4
4.5,2
3.5357142857142856,14
3.0,1
3.75,4
2.5,1
3.5,12
2.5,2
4.25,22
3.25,8
2.6666666666666665,3
3.6666666666666665,3
3.34375,16
3.0,5
2.5,3
2.5,7
3.0,6
2.727272727272727,11
3.5,5
3.25,18
3.0294117647058822,17
3.611111111111111,9
3.6052631578947367,19
3.380952380952381,21
3.3,10
3.260869565217391,23
3.1,10
3.264705882352941,17
3.4,10
3.6621621621621623,37
3.3275862068965516,29
3.1785714285714284,14
3.5636363636363635,55
4.088235294117647,17
3.25,4
3.5961538461538463,26
2.5,1
3.1136363636363638,44
3.8141025641025643,78
3.7023809523809526,42
3.2222222222222223,18
3.5,22
3.6122448979591835,49
3.5238095238095237,21
3.95,10
3.94375,80
3.8642384105960264,151
2.8333333333333335,27
4.0,1
3.8653846153846154,26
3.489795918367347,49
2.375,4
3.0,1
3.875,8
3.216666666666667,30
3.619047619047619,21
3.5555555555555554,9
3.0,7
2.0,1
1.5,2
2.0,3
4.0,4
3.823529411764706,17
3.5258620689655173,58
4.226190476190476,42
3.5454545454545454,33
4.333333333333333,3
3.0,14
4.409090909090909,11
4.0,1
3.5,1
3.6666666666666665,3
3.7533783783783785,148
3.75,2
4.051282051282051,39
3.8421052631578947,19
3.9719101123595504,89
3.857142857142857,91
3.6724137931034484,29
3.6875,16
3.0,8
3.875,56
3.5,8
3.9423076923076925,26
3.75,4
3.358490566037736,53
4.162878787878788,132
3.9338235294117645,68
2.6296296296296298,27
3.294642857142857,56
3.111111111111111,36
3.92,50
3.8703703703703702,27
4.038461538461538,26
3.76875,160
3.5454545454545454,11
2.5789473684210527,19
3.324324324324324,74
3.9375,40
3.9125,40
1.75,2
3.9375,8
3.6666666666666665,3
2.4285714285714284,7
3.1666666666666665,3
3.621212121212121,33
4.0,2
3.607142857142857,28
3.4107142857142856,28
2.727272727272727,11
3.612676056338028,71
3.4166666666666665,6
3.3125,48
3.75,8
4.088235294117647,17
3.65625,16
3.0,1
3.347826086956522,23
4.224137931034483,145
4.0,1
3.0,1
4.4375,16
4.093333333333334,75
3.8,10
4.0,1
3.0,1
3.0,1
1.0,1
4.0625,8
3.6,5
2.5,2
1.0,1
1.5,1
2.0,3
3.0,1
4.0,1
3.5806451612903225,31
4.260869565217392,46
3.210526315789474,19
3.0,1
4.166666666666667,30
3.7777777777777777,9
3.769230769230769,13
4.366666666666666,15
3.85,40
3.6666666666666665,3
4.0,1
3.6013513513513513,74
4.0,4
3.75,28
3.6379310344827585,29
3.5,11
3.3970588235294117,34
4.0,20
2.1,5
3.55,10
4.388888888888889,9
4.256944444444445,144
3.7333333333333334,15
4.232905982905983,234
4.208588957055214,163
4.193181818181818,220
4.032258064516129,62
3.924,125
3.93859649122807,57
3.642857142857143,7
4.304054054054054,74
4.215686274509804,51
4.0,121
4.18125,80
4.138392857142857,112
4.21875,16
4.059907834101383,217
4.2105263157894735,19
4.25,38
4.202290076335878,131
3.9881889763779528,127
3.8173076923076925,52
2.9,5
4.423076923076923,26
4.214285714285714,14
4.253246753246753,77
3.893617021276596,94
4.385185185185185,135
4.033653846153846,104
4.089743589743589,39
4.181818181818182,22
4.155,100
3.576923076923077,13
4.181818181818182,22
4.35,50
4.09375,80
3.911111111111111,45
3.85,10
4.166666666666667,51
4.015873015873016,63
3.784090909090909,44
3.8,5
4.28125,16
4.147058823529412,17
3.9588607594936707,158
3.0,11
3.836206896551724,58
4.045454545454546,22
3.962962962962963,54
3.8518518518518516,27
3.7842105263157895,95
4.123595505617978,89
4.2368421052631575,19
3.91025641025641,39
4.138461538461539,65
3.825,20
4.3355263157894735,76
3.8,20
4.3,30
3.5416666666666665,12
4.132352941176471,34
3.8125,24
4.02970297029703,101
4.09375,112
4.261904761904762,21
3.787878787878788,33
3.9489795918367347,49
3.8645833333333335,48
4.285714285714286,14
3.8393939393939394,165
3.8859649122807016,57
4.122448979591836,49
3.4705882352941178,17
3.945945945945946,37
4.015486725663717,226
3.7,40
4.1,40
3.736842105263158,19
3.838235294117647,34
3.4285714285714284,49
4.271739130434782,46
4.0,11
4.087837837837838,74
3.75,12
4.157894736842105,19
4.043478260869565,23
3.7578125,64
4.119047619047619,21
3.984375,32
3.80327868852459,61
3.638888888888889,18
3.891304347826087,46
4.085365853658536,82
3.923076923076923,13
3.5833333333333335,12
4.017006802721088,147
4.089285714285714,28
3.9782608695652173,46
3.1176470588235294,17
3.8225806451612905,31
3.375,20
3.6458333333333335,24
4.271428571428571,35
4.052631578947368,19
3.8333333333333335,9
3.574626865671642,67
3.933333333333333,15
4.173333333333333,75
4.291666666666667,12
2.857142857142857,7
3.9195402298850577,87
4.5,1
0.5,1
5.0,1
4.0,1
3.1818181818181817,55
3.6315789473684212,38
2.5,2
2.25,4
1.0,1
1.0,1
2.6666666666666665,3
3.1153846153846154,13
1.0,1
3.0,1
3.4285714285714284,7
2.3333333333333335,3
3.5,7
3.7549019607843137,51
3.1333333333333333,15
4.0,1
3.5,2
2.8333333333333335,3
3.298076923076923,52
3.75,8
4.0,4
3.0588235294117645,17
3.7435897435897436,39
3.6315789473684212,19
3.675675675675676,37
3.111111111111111,9
3.28125,32
3.8095238095238093,21
4.5,2
3.36,25
4.0,2
3.5,4
2.9615384615384617,13
3.975,20
2.5,2
3.8780487804878048,82
3.945945945945946,37
3.8863636363636362,66
2.1363636363636362,11
4.153846153846154,13
3.357142857142857,7
3.6,5
3.9615384615384617,13
2.9594594594594597,37
2.5,2
3.287878787878788,66
3.0531914893617023,47
3.265957446808511,47
2.78,25
3.75,72
3.314814814814815,54
3.5,65
3.0859375,64
3.25,28
2.8214285714285716,14
3.477777777777778,90
2.4473684210526314,19
2.0,2
4.0,1
3.0,18
3.7777777777777777,108
2.759259259259259,27
1.7916666666666667,12
3.5,6
2.99375,80
3.375,8
3.69811320754717,106
3.95,70
3.4285714285714284,14
3.6176470588235294,51
3.0,2
3.5,4
3.5,10
3.5,8
2.75,4
3.032608695652174,46
3.25,4
3.410958904109589,73
3.616279069767442,43
2.984848484848485,33
2.75,4
4.16,25
3.5,4
3.7,10
3.5,2
3.1818181818181817,22
2.0,1
3.6,10
5.0,1
3.1,15
4.25,2
2.9444444444444446,9
3.2,5
5.0,1
3.6538461538461537,13
2.5,1
2.7222222222222223,9
3.4,5
3.0,1
3.5,3
2.6818181818181817,22
3.0,4
3.375,28
2.5,2
4.0,1
2.0,3
3.8333333333333335,9
2.8333333333333335,3
3.8793103448275863,29
5.0,1
2.357142857142857,7
3.0,1
5.0,1
1.5,2
3.05,10
3.0,1
3.05,20
3.3333333333333335,6
2.7142857142857144,14
4.5,2
3.7,20
4.0,1
3.8846153846153846,39
2.3333333333333335,3
4.0,1
2.0,2
1.6666666666666667,6
4.0,3
3.5217391304347827,23
3.0714285714285716,35
3.5833333333333335,6
3.0,2
3.2777777777777777,9
3.8333333333333335,3
3.1901408450704225,71
3.1875,8
3.0,15
3.5,4
0.75,2
4.0,1
1.0,2
2.8333333333333335,3
3.0,7
2.017857142857143,28
3.96875,64
3.0,1
1.75,2
2.6666666666666665,6
4.5,2
3.0,2
3.3333333333333335,3
3.2555555555555555,45
2.95,20
4.0,4
3.378504672897196,107
3.230769230769231,13
4.0,2
1.5,2
2.1666666666666665,6
3.6779661016949152,118
3.8333333333333335,3
5.0,1
2.5,1
3.8,5
3.9722222222222223,18
1.0,1
2.875,16
3.8,5
5.0,1
2.888059701492537,67
4.25,2
2.5,2
2.0,1
3.0,1
3.26271186440678,59
3.3333333333333335,6
4.0,1
1.6521739130434783,23
2.148936170212766,47
5.0,1
4.5,2
3.5,32
3.298076923076923,52
2.5,1
1.0,1
4.166666666666667,3
3.4518072289156625,83
5.0,1
3.663157894736842,190
2.0,5
3.5,2
1.5,2
3.7282608695652173,92
2.759259259259259,27
3.3333333333333335,24
3.088235294117647,17
3.3947368421052633,19
2.9565217391304346,23
2.7,15
2.7857142857142856,7
2.7857142857142856,7
3.4285714285714284,14
1.8333333333333333,3
2.3333333333333335,3
3.352272727272727,44
3.75,4
1.75,4
2.125,4
3.5,4
1.0,2
2.4,10
3.0,2
2.8,5
2.25,4
3.2642857142857142,70
3.0,2
3.8969072164948453,97
4.083333333333333,12
3.0,6
3.0,1
3.36,25
3.65,10
3.5357142857142856,14
4.12,125
3.4473684210526314,19
3.375,20
3.0,2
2.3,5
4.0,1
3.9210526315789473,76
1.6666666666666667,3
2.8636363636363638,11
3.4,5
3.5,2
2.5,1
3.375,8
3.823529411764706,17
1.0,2
3.5692307692307694,65
1.0,1
3.7734375,64
2.375,4
4.05,10
2.5166666666666666,30
3.4583333333333335,60
2.5714285714285716,7
2.6666666666666665,6
3.1666666666666665,9
3.8333333333333335,6
4.0,2
3.6785714285714284,84
3.5,2
3.5,2
3.0,1
3.375,8
3.0,2
3.125,4
3.7,40
3.25,8
2.75,8
1.8333333333333333,3
4.0,1
3.8,5
3.5,1
3.6666666666666665,15
3.9193548387096775,62
4.044642857142857,56
3.0972222222222223,72
3.738095238095238,21
3.6923076923076925,26
1.8888888888888888,9
3.886861313868613,137
3.75,10
3.4,5
3.6,5
2.9523809523809526,21
3.6818181818181817,22
3.2916666666666665,12
3.033333333333333,45
5.0,1
3.66,25
3.8125,16
2.0,1
3.6666666666666665,9
3.5,16
2.90625,16
2.6,5
4.140127388535032,157
2.2222222222222223,9
3.375,20
2.5,16
3.0,1
3.0,32
4.195652173913044,23
3.332317073170732,164
3.2857142857142856,49
1.9285714285714286,7
3.0,7
4.0,1
3.692982456140351,57
3.9,5
1.0,1
3.995833333333333,120
2.0,1
3.8461538461538463,13
2.933333333333333,15
0.75,2
2.5,4
2.5,3
3.457627118644068,59
3.676470588235294,51
2.0,1
2.9285714285714284,7
3.0,10
3.8076923076923075,13
3.0,2
3.5,1
3.5,2
4.5,1
1.8076923076923077,13
3.125,4
3.0,2
2.611111111111111,9
5.0,1
3.1333333333333333,15
3.2357142857142858,70
2.736842105263158,19
2.6666666666666665,3
3.7222222222222223,99
3.8,5
4.25,4
3.25,4
3.3636363636363638,22
3.75,6
4.0,1
2.0,1
3.8333333333333335,12
2.3333333333333335,3
3.5555555555555554,9
2.8181818181818183,22
3.0,3
3.230769230769231,39
1.5,2
2.25,2
4.0,4
3.533333333333333,15
3.0,2
2.5,4
5.0,1
3.111111111111111,9
3.0,1
3.0,3
0.75,2
4.0,9
2.1346153846153846,26
2.727272727272727,11
3.9130434782608696,23
3.391304347826087,23
2.888888888888889,9
2.0,3
2.25,4
2.875,4
3.25,4
4.0,3
4.125,12
4.5,2
2.7,10
3.0,1
4.0,1
2.4,5
3.3125,8
3.4166666666666665,6
5.0,2
4.666666666666667,3
2.0,1
2.3125,8
2.2142857142857144,7
3.0,1
3.1666666666666665,6
3.6,5
4.0,1
3.6538461538461537,13
3.0,1
3.0,6
3.1458333333333335,48
3.0,1
4.0,2
4.0,4
2.1785714285714284,28
3.2903225806451615,31
3.625,44
3.6666666666666665,24
1.5,1
2.6666666666666665,6
2.933333333333333,15
3.0,6
2.0,1
3.260869565217391,23
2.9130434782608696,23
3.0714285714285716,14
3.0,1
3.2142857142857144,7
3.7,5
3.0,1
1.0,2
4.5,2
3.875,4
3.607142857142857,42
3.223404255319149,47
4.0,1
2.759259259259259,27
3.7586206896551726,29
3.7857142857142856,7
3.6538461538461537,13
3.6785714285714284,14
3.0442477876106193,113
3.0595238095238093,42
4.0,2
2.764705882352941,17
3.7375,40
3.6666666666666665,3
3.5528455284552845,123
3.5555555555555554,9
4.25,2
2.0,1
4.285714285714286,14
3.0,1
2.857142857142857,7
4.25,10
2.75,2
5.0,1
4.166666666666667,9
3.875,8
4.0,4
3.5,4
4.0,7
4.636363636363637,11
4.071428571428571,7
4.416666666666667,6
4.333333333333333,6
3.3333333333333335,6
3.925,20
4.448275862068965,29
4.208333333333333,12
3.988888888888889,45
4.458333333333333,12
3.6,10
3.909090909090909,22
3.5714285714285716,14
4.064102564102564,39
4.021739130434782,46
3.789855072463768,69
3.838709677419355,31
3.8870967741935485,31
3.9404761904761907,42
3.8676470588235294,34
3.8,30
4.032258064516129,31
3.966386554621849,119
3.625,40
4.15,10
3.9,15
3.6875,32
3.5833333333333335,12
3.625,36
3.982905982905983,117
2.6875,8
2.6,5
2.6666666666666665,3
2.6,5
2.3333333333333335,3
3.088235294117647,17
1.9444444444444444,9
2.1666666666666665,6
1.6666666666666667,6
2.5,2
2.25,4
3.0,1
2.3333333333333335,3
3.5384615384615383,26
3.1875,8
1.875,8
2.2,5
3.5,2
2.5,4
3.0,2
2.0,1
3.0,1
2.95,10
2.0,5
2.0,4
3.723684210526316,38
2.375,8
1.75,4
3.7265625,64
3.5,2
2.6666666666666665,3
3.588888888888889,90
3.210526315789474,57
2.9743589743589745,39
3.1702127659574466,47
2.5714285714285716,21
3.676470588235294,51
3.4272727272727272,55
2.0,1
1.0,1
3.4705882352941178,17
3.980769230769231,26
3.4797979797979797,99
3.265957446808511,94
3.1785714285714284,28
3.1666666666666665,15
3.263157894736842,19
2.5,4
3.142857142857143,7
3.4558823529411766,34
4.277777777777778,54
3.926470588235294,34
3.0833333333333335,30
3.423076923076923,13
3.4,35
3.3333333333333335,3
2.8846153846153846,13
3.2,5
2.1875,8
3.945026178010471,191
4.2,5
3.25,2
3.0,1
3.0416666666666665,12
3.2222222222222223,9
3.0,1
2.5,4
3.6666666666666665,3
3.5625,8
3.5,1
3.3333333333333335,6
3.3333333333333335,6
2.75,10
3.5625,8
2.25,4
3.4,5
3.823529411764706,17
4.0,1
3.875,4
2.5,1
2.8333333333333335,6
3.75,4
3.2857142857142856,7
2.3529411764705883,17
2.7434210526315788,76
4.0,1
3.5,1
3.75,4
3.621212121212121,33
3.2222222222222223,18
3.0416666666666665,12
2.0,2
1.0,1
4.392857142857143,42
3.619047619047619,21
4.071428571428571,7
3.659090909090909,22
4.2,10
3.7777777777777777,9
4.038461538461538,13
3.75,8
3.0526315789473686,19
4.0,5
4.0,1
3.8333333333333335,3
4.036585365853658,41
3.3333333333333335,6
3.739130434782609,46
3.5,1
3.6862745098039214,51
3.6794871794871793,78
2.727272727272727,22
3.642857142857143,14
2.9375,8
3.3780487804878048,41
5.0,1
3.6315789473684212,38
2.54,25
3.5416666666666665,12
3.6785714285714284,14
4.0,3
2.6923076923076925,13
3.5555555555555554,9
3.265625,32
2.25,4
3.7,35
3.75,6
2.0,2
3.7,10
3.1634615384615383,52
2.5,2
4.285714285714286,7
3.0,1
3.6666666666666665,3
3.478723404255319,47
3.65,10
3.2,10
3.6923076923076925,39
3.696078431372549,51
3.3666666666666667,15
3.3076923076923075,13
3.2941176470588234,17
3.0,4
3.652173913043478,23
3.7653061224489797,98
3.4210526315789473,19
3.923076923076923,13
3.7,20
3.0,6
3.1666666666666665,9
2.7777777777777777,9
2.3181818181818183,11
3.15,10
3.2857142857142856,35
3.75,28
2.8043478260869565,23
3.0,2
4.125,12
4.5,5
4.195652173913044,23
3.1136363636363638,22
3.138888888888889,36
3.0,12
2.6944444444444446,18
3.8,25
4.0,14
3.2222222222222223,27
3.6785714285714284,28
3.3653846153846154,26
3.25,12
3.3666666666666667,15
3.8260869565217392,46
3.380952380952381,42
3.1666666666666665,18
1.8,5
3.6666666666666665,6
2.0,2
3.513888888888889,36
3.7,5
2.25,2
2.1538461538461537,13
2.6666666666666665,6
3.3,10
3.125,8
3.736111111111111,36
3.3026315789473686,38
2.6666666666666665,9
3.1666666666666665,9
1.0,2
3.9285714285714284,7
3.6875,8
3.310344827586207,58
3.375,4
2.75,6
3.0,4
3.875,4
3.5,3
3.4375,104
3.8333333333333335,12
4.25,2
3.5555555555555554,9
3.5,2
3.6,5
4.0,2
3.7222222222222223,9
3.6875,8
4.260869565217392,23
4.0,2
2.6333333333333333,15
4.0,1
2.0,1
0.5,1
3.2023809523809526,42
3.91025641025641,78
2.7857142857142856,7
3.0,1
4.0,1
4.5,2
4.363636363636363,11
4.4,10
4.166666666666667,3
3.5,2
3.7,5
4.0,1
4.071428571428571,14
4.0,1
4.0,1
3.5,1
4.0,1
4.0,1
4.0,1
4.0,1
3.8472222222222223,36
4.119047619047619,21
2.5625,8
2.0,2
3.3333333333333335,3
3.0,3
3.1538461538461537,13
2.8333333333333335,6
3.9444444444444446,36
3.0,1
3.56,25
2.0,1
3.40625,16
3.9361702127659575,47
3.4615384615384617,13
3.2,5
3.5384615384615383,13
2.75,20
3.0,1
2.4,5
4.0,1
3.5,2
2.5,11
2.0,2
3.75,4
2.7058823529411766,17
3.375,8
3.0,4
2.0,3
2.6666666666666665,6
4.5,4
3.861842105263158,76
2.7,15
3.625,4
3.7,5
3.558139534883721,43
3.1666666666666665,3
3.0,2
3.5625,40
3.409090909090909,11
3.5,5
3.2857142857142856,14
4.0,3
5.0,1
3.3333333333333335,3
1.6666666666666667,3
3.5,6
3.9242424242424243,33
4.204545454545454,44
3.25,8
3.848314606741573,89
4.0,1
3.2735849056603774,53
4.0,2
2.5625,8
3.0384615384615383,13
4.212121212121212,33
3.6666666666666665,18
3.5526315789473686,76
4.023809523809524,21
4.25,4
4.5,1
2.8,5
4.0,1
4.0,5
3.3333333333333335,15
3.7333333333333334,15
3.857142857142857,28
3.5,2
3.0,6
2.7857142857142856,14
4.326086956521739,23
2.75,4
3.625,64
3.0,7
2.0,1
4.025252525252525,99
3.625,4
3.9,5
3.5,4
4.0233644859813085,107
4.666666666666667,3
3.7777777777777777,9
3.608695652173913,23
3.34375,16
3.3076923076923075,26
3.7291666666666665,48
3.5833333333333335,6
2.5,13
3.0,1
2.9347826086956523,23
3.0,1
4.333333333333333,6
3.75,4
3.0714285714285716,14
3.3333333333333335,3
3.4545454545454546,11
3.772727272727273,11
3.0,1
3.857142857142857,7
3.7777777777777777,36
3.4776119402985075,67
2.5,2
3.6095238095238096,105
3.15,10
4.318181818181818,11
4.133333333333334,30
3.3636363636363638,11
3.8125,8
2.75,4
3.8636363636363638,11
2.75,4
2.8,5
3.9347826086956523,23
2.727272727272727,11
2.6666666666666665,3
2.9714285714285715,35
3.3333333333333335,3
3.375,28
2.5,11
2.5833333333333335,6
3.1875,8
2.7045454545454546,22
3.1842105263157894,19
2.5,2
2.6363636363636362,22
2.4210526315789473,19
1.8333333333333333,15
1.9642857142857142,14
1.8076923076923077,13
1.7083333333333333,12
3.1166666666666667,30
2.25,8
3.0,3
3.0384615384615383,13
4.0,1
2.6923076923076925,13
3.409090909090909,11
3.7580645161290325,31
1.85,10
3.4705882352941178,17
3.5142857142857142,35
3.963235294117647,68
3.9669421487603307,121
3.5,2
3.659090909090909,22
2.25,2
2.0,1
3.642857142857143,7
2.5357142857142856,14
3.4722222222222223,18
2.230769230769231,13
3.3225806451612905,31
3.5846153846153848,65
3.2093023255813953,43
2.4375,8
3.4705882352941178,17
3.0714285714285716,21
2.8333333333333335,21
2.6315789473684212,19
3.1315789473684212,19
3.3333333333333335,9
4.0,2
2.7142857142857144,14
3.0,5
3.5,6
3.0,3
3.3684210526315788,38
2.574074074074074,27
2.236842105263158,19
3.74,25
3.2416666666666667,60
3.6,5
3.3472222222222223,36
2.590909090909091,22
3.0,8
3.8,5
3.107142857142857,28
3.9,5
3.1578947368421053,19
3.75,4
3.0,4
3.5,8
3.0,1
4.0,1
3.4,10
4.0,4
3.0,2
4.0,7
4.0,5
2.625,4
1.4,5
2.923076923076923,13
2.0,2
2.0,2
1.7916666666666667,12
3.8333333333333335,3
3.2857142857142856,7
3.6785714285714284,14
3.393617021276596,47
2.2142857142857144,7
3.2,5
3.0,5
3.5,17
3.4,5
3.25,2
2.125,4
3.725,20
2.5,2
4.0,2
4.239130434782608,23
2.966666666666667,15
3.3181818181818183,22
3.2333333333333334,60
2.6136363636363638,22
3.25,4
2.0555555555555554,9
3.823529411764706,17
3.5,4
2.6666666666666665,3
3.2580645161290325,31
2.0,1
3.75,2
3.25,4
2.75,2
3.189655172413793,29
3.0,1
3.0,1
3.8,5
3.5625,32
3.1,5
3.1,5
3.5,1
4.0,2
3.875,4
3.3095238095238093,21
1.8,10
2.3333333333333335,3
3.5,2
2.1666666666666665,3
4.1,35
3.9150943396226414,106
3.5,7
2.3055555555555554,18
2.75,4
1.0,1
4.0,3
3.0277777777777777,18
2.125,4
2.0,1
0.75,2
3.375,8
3.3333333333333335,9
2.0,1
3.3666666666666667,15
2.7777777777777777,9
2.409090909090909,11
2.6666666666666665,3
3.4,10
2.7,5
3.0,1
3.3846153846153846,13
3.3035714285714284,28
3.6315789473684212,57
2.875,8
2.6666666666666665,6
3.142857142857143,7
2.730769230769231,13
3.0,1
2.6666666666666665,6
3.1666666666666665,3
2.0,2
3.2450980392156863,51
3.1,5
3.127450980392157,51
4.128378378378378,74
4.25,4
2.375,8
1.125,4
2.0555555555555554,9
4.166666666666667,3
3.75,12
2.5,2
4.4,5
3.3333333333333335,3
0.875,4
3.1666666666666665,3
2.7916666666666665,12
2.5,2
3.0,5
3.625,8
5.0,1
4.666666666666667,3
3.380952380952381,21
3.0,1
3.0,21
1.5833333333333333,6
4.0,1
3.5,5
4.183397683397684,259
3.473684210526316,57
5.0,1
2.3181818181818183,11
3.7222222222222223,9
3.0,3
3.5,4
3.87,50
3.0428571428571427,35
3.125,4
3.3333333333333335,9
3.5,4
4.0,1
2.6,5
3.0,2
3.5,4
3.9444444444444446,9
3.8,10
2.0,3
2.875,20
4.044303797468355,79
3.125,24
3.1463414634146343,41
2.9285714285714284,7
3.6666666666666665,6
3.5,2
3.5,4
3.75,4
3.7777777777777777,9
3.6,5
3.3333333333333335,3
2.6296296296296298,27
3.2848101265822787,79
3.5,3
4.333333333333333,3
3.375,4
3.238095238095238,21
3.6666666666666665,3
4.0,1
4.5,4
5.0,1
3.199275362318841,138
3.5,4
3.5,2
3.0,1
3.6666666666666665,3
3.6666666666666665,3
4.0,2
5.0,1
4.0,1
3.0,1
3.4,10
3.433333333333333,75
3.1973684210526314,38
2.2708333333333335,24
2.2083333333333335,12
4.111111111111111,9
5.0,1
4.166666666666667,15
5.0,1
5.0,1
4.5,2
4.5,2
2.0,1
4.25,4
3.0,1
3.5,2
3.1746031746031744,63
4.0,3
4.5,2
3.5,2
3.361111111111111,18
3.973684210526316,19
3.0,10
3.3333333333333335,3
4.333333333333333,6
3.3828125,64
3.0833333333333335,18
4.75,2
3.0,1
2.75,4
3.8461538461538463,13
1.6666666666666667,3
3.0,1
4.375,4
3.2723214285714284,112
3.8181818181818183,22
3.625,28
3.2419354838709675,31
2.8333333333333335,3
4.25,20
2.75,2
4.2,80
3.85,10
3.3448275862068964,29
3.6,5
2.0,3
2.911290322580645,62
3.5,75
2.0319148936170213,47
2.880952380952381,21
3.6666666666666665,3
3.2972972972972974,111
3.513888888888889,36
4.0,1
2.642857142857143,7
2.738372093023256,86
3.626984126984127,63
2.238095238095238,21
2.3333333333333335,3
2.6666666666666665,3
3.761904761904762,147
2.755813953488372,43
3.4615384615384617,13
2.1904761904761907,21
2.1,20
4.416666666666667,6
2.573529411764706,34
3.111111111111111,36
2.811111111111111,45
3.6,5
4.090909090909091,11
3.5,2
3.9210526315789473,19
3.6875,16
3.3333333333333335,12
3.892857142857143,14
3.85,10
2.3333333333333335,3
3.3333333333333335,18
2.6666666666666665,18
3.75,14
2.6666666666666665,6
3.935483870967742,31
2.6666666666666665,3
3.9,10
3.577777777777778,45
3.0357142857142856,14
2.7,5
4.0,5
3.75,22
3.5,2
4.0,5
2.6666666666666665,3
3.0,1
3.5,2
3.857142857142857,7
4.0,1
3.0681818181818183,22
3.7738095238095237,42
4.018134715025907,193
3.3974358974358974,39
4.166666666666667,6
4.0,1
1.5,2
2.3333333333333335,6
3.0686274509803924,51
2.0,4
3.0,6
4.333333333333333,3
3.0,2
3.0,1
3.642857142857143,21
4.166666666666667,3
3.0,2
3.8333333333333335,3
3.0,1
4.0,3
2.5,2
3.25,8
4.090909090909091,22
2.4,5
2.4166666666666665,6
3.8207547169811322,106
3.36,25
2.5555555555555554,9
2.875,16
3.683333333333333,30
2.5555555555555554,9
3.8317757009345796,107
2.5,4
1.75,2
3.0,1
3.8,5
3.3,10
3.3,25
4.046666666666667,75
3.108695652173913,23
2.4545454545454546,11
2.5,2
2.5625,16
1.5,2
3.75,6
3.0,1
2.5,6
1.75,4
1.6666666666666667,3
3.8,15
4.5,2
2.9,10
3.0,2
2.9,25
2.409090909090909,11
2.5,2
3.0,11
3.0,1
3.0,1
3.1666666666666665,3
5.0,1
4.0,1
2.75,24
3.7954545454545454,22
4.666666666666667,3
3.3333333333333335,3
0.5,1
3.9444444444444446,9
3.6666666666666665,3
4.0,1
2.0,1
2.0,1
3.0,3
3.6666666666666665,6
3.5,2
4.0,1
3.4,5
3.7857142857142856,21
4.236363636363636,220
4.0,5
3.3,10
3.066666666666667,15
3.125,8
3.8833333333333333,30
2.75,2
3.75,10
3.25,10
3.0,2
1.0,1
3.4375,8
3.9375,32
3.8125,16
4.5,2
3.4444444444444446,18
2.6666666666666665,3
3.111111111111111,9
2.0,2
3.7,5
5.0,1
3.0930232558139537,43
2.1666666666666665,6
3.625,8
1.0,1
3.5,2
2.25,4
2.5,2
2.590909090909091,11
3.7142857142857144,7
3.739130434782609,46
2.75,6
2.6666666666666665,3
4.0,1
2.0,2
5.0,1
3.5,2
3.6666666666666665,3
3.0,3
3.8333333333333335,9
2.375,4
1.8333333333333333,3
3.0,1
3.642857142857143,7
2.6666666666666665,9
3.0,6
3.897727272727273,44
3.764705882352941,17
3.0,1
3.3452380952380953,42
3.5625,104
4.25,22
4.007518796992481,133
3.7941176470588234,17
4.5,4
3.5,9
3.8333333333333335,3
4.0,1
4.583333333333333,6
4.214285714285714,7
3.6666666666666665,21
4.5,2
3.6666666666666665,3
3.892857142857143,14
4.0,2
4.0,6
4.2,10
4.25,6
4.0,4
4.666666666666667,3
3.0,2
3.6875,8
3.25,14
3.216666666666667,30
2.6666666666666665,6
3.6714285714285713,35
5.0,1
3.5454545454545454,11
3.7169811320754715,53
3.640625,32
3.6451612903225805,31
2.526315789473684,19
3.8947368421052633,19
3.5,11
2.467741935483871,31
3.5,6
4.178217821782178,202
3.4545454545454546,11
3.625,4
3.125,4
3.5789473684210527,19
3.4,5
3.5697674418604652,43
3.6666666666666665,3
3.6666666666666665,6
4.1,20
2.5,2
4.178571428571429,28
1.5,4
4.0,2
3.5476190476190474,21
3.0,2
3.1875,8
2.0,2
5.0,1
5.0,1
4.0,2
5.0,1
3.5948275862068964,58
2.763157894736842,19
3.6666666666666665,108
4.0,8
3.5277777777777777,18
3.2941176470588234,17
3.625,24
4.0,1
3.5588235294117645,17
1.96875,16
3.0,2
3.9563492063492065,126
4.0,1
4.131578947368421,38
2.0,1
3.75,2
1.0,1
2.6153846153846154,13
2.8833333333333333,30
3.8666666666666667,45
4.178571428571429,14
3.5,3
4.5,2
3.7,10
2.5,3
3.3333333333333335,6
3.7333333333333334,15
3.1,5
3.8214285714285716,14
3.8333333333333335,27
3.6129032258064515,31
5.0,1
4.25,14
3.6666666666666665,3
3.0,1
2.75,4
3.5,2
4.166666666666667,9
3.0,1
3.5714285714285716,7
3.6206896551724137,58
3.7586206896551726,29
4.411764705882353,17
4.0,4
4.166666666666667,18
5.0,4
3.625,48
3.4166666666666665,6
3.0,1
2.3333333333333335,3
1.0,1
3.875,24
3.0,4
2.6666666666666665,3
1.0,1
3.5,2
3.1818181818181817,11
3.3227848101265822,79
2.8,10
2.5714285714285716,7
3.5,2
3.5,2
3.9285714285714284,21
3.590909090909091,11
4.090909090909091,11
3.4285714285714284,7
2.6666666666666665,3
3.35,10
4.0,14
4.029411764705882,17
4.0,5
3.909090909090909,11
4.2272727272727275,11
3.6621621621621623,37
3.8333333333333335,6
3.5,5
2.75,4
4.055555555555555,9
3.75,2
3.9285714285714284,7
3.625,52
3.138888888888889,36
4.2,20
4.0,5
3.316666666666667,30
4.2631578947368425,19
4.043478260869565,23
3.1666666666666665,6
4.1,5
3.0714285714285716,7
2.6666666666666665,3
4.064516129032258,31
3.9,5
3.7083333333333335,12
3.642857142857143,35
2.611111111111111,9
3.5892857142857144,28
3.673469387755102,49
3.9,10
3.0,3
3.9655172413793105,29
3.8421052631578947,19
3.6666666666666665,3
3.359375,32
3.635135135135135,37
4.0,1
3.6666666666666665,3
4.222222222222222,9
5.0,3
2.026315789473684,19
3.844,125
3.6666666666666665,3
4.0,1
3.5,4
3.5,2
3.0,3
3.5,1
3.0,1
3.3,10
2.8333333333333335,6
3.25,4
4.0,12
2.5416666666666665,12
4.0,2
4.208333333333333,12
3.9444444444444446,9
3.0,2
3.0,4
4.0,1
3.625,4
3.6,5
4.0,1
2.5,2
3.1666666666666665,6
2.5,22
3.9223300970873787,103
3.2435897435897436,39
4.0,3
3.9761904761904763,21
4.142857142857143,7
3.409090909090909,11
2.9722222222222223,18
3.074074074074074,27
3.5,2
3.3823529411764706,17
3.692982456140351,57
3.0,1
3.7142857142857144,7
5.0,1
4.0,1
4.4375,8
3.72,25
3.3461538461538463,13
4.25,2
2.94,25
3.3,35
3.5076923076923077,65
3.5,66
3.1666666666666665,6
3.6363636363636362,22
3.227272727272727,11
2.0,1
3.8333333333333335,6
3.3125,8
3.5,4
3.1923076923076925,13
3.625,20
3.5,4
3.388888888888889,9
1.0,1
4.0,1
3.6818181818181817,11
3.95,20
3.25,4
3.9523809523809526,21
3.6666666666666665,3
4.3,10
4.075,20
5.0,1
3.8333333333333335,15
3.857142857142857,7
3.0,1
2.75,4
3.0,1
1.75,6
3.6153846153846154,52
4.0,2
3.85,10
4.0,1
5.0,1
4.0,1
3.6,5
3.6923076923076925,13
4.0,2
3.75,4
3.75,4
2.6,5
4.0,1
3.0,3
2.0,6
4.0,1
2.5,2
3.5,2
2.375,8
3.607142857142857,14
4.5,1
3.9655172413793105,29
3.054054054054054,37
2.3666666666666667,15
3.411764705882353,17
2.75,12
3.85,10
3.95,30
3.391891891891892,74
3.1363636363636362,22
3.4473684210526314,57
3.53125,48
2.7241379310344827,29
2.857142857142857,21
3.1333333333333333,15
3.823529411764706,17
3.6666666666666665,12
3.2916666666666665,12
3.3793103448275863,29
2.8666666666666667,15
4.1,10
3.25,8
3.5714285714285716,14
1.8,10
2.625,20
3.6818181818181817,11
3.3666666666666667,15
3.3125,8
2.814814814814815,27
3.4545454545454546,11
3.522727272727273,22
1.0,1
5.0,1
4.0,2
3.5,4
3.0185185185185186,27
2.1666666666666665,6
3.375,4
4.0,2
3.5,1
2.5,1
3.5625,8
3.3793103448275863,29
2.25,6
3.269230769230769,26
3.2115384615384617,26
4.0,1
1.0,1
3.3333333333333335,3
4.375,4
4.0,23
3.5,10
4.25,2
4.4375,8
3.5,2
2.5,1
2.227272727272727,11
3.842857142857143,35
3.0,1
4.5,2
2.0714285714285716,7
3.0,3
2.3333333333333335,3
3.0,3
3.725,20
4.0,1
3.9285714285714284,7
4.0,1
3.78125,16
1.0,1
3.0,1
2.6666666666666665,3
3.75,12
4.0,7
2.5,2
3.5,1
4.083333333333333,6
4.0,1
3.75,10
3.0,1
2.2666666666666666,30
3.7083333333333335,12
4.75,4
3.75,18
4.131578947368421,19
3.759259259259259,27
3.8068181818181817,44
4.086206896551724,29
4.065789473684211,38
3.9285714285714284,7
3.7857142857142856,14
4.375,4
4.0,1
3.75,4
3.5,1
3.4166666666666665,6
2.5,1
4.166666666666667,3
2.6666666666666665,3
3.8214285714285716,42
3.4,5
2.388888888888889,9
1.5,2
3.3333333333333335,3
2.4,5
2.0,1
3.0,4
2.8,5
3.9,35
3.45,10
3.5,11
3.0,1
2.0,2
2.0,4
4.0,1
3.0833333333333335,12
3.5625,8
4.125,4
3.552941176470588,85
3.0,28
3.6875,8
4.0,4
3.25,2
4.333333333333333,3
3.533333333333333,45
3.6923076923076925,13
3.805084745762712,59
3.4375,8
4.0,1
3.734375,32
3.0,1
3.4166666666666665,6
1.5,2
3.0,3
4.0,10
2.5714285714285716,7
2.5,2
1.0,1
4.0,1
4.15625,32
2.5625,8
5.0,1
2.9722222222222223,18
2.5,10
1.6,5
2.75,14
2.5,2
2.875,4
2.8333333333333335,9
3.0,1
5.0,1
3.660377358490566,53
3.5,2
3.2096774193548385,31
3.6666666666666665,18
3.0526315789473686,19
3.0,2
4.0,1
4.5,4
3.8333333333333335,6
4.0,2
3.0,1
3.230769230769231,13
4.359375,32
1.0,1
4.0,1
3.4,5
3.8529411764705883,17
4.108695652173913,23
4.541666666666667,12
4.375,4
3.903225806451613,62
4.0,1
4.125,4
3.9375,24
3.55,10
3.3333333333333335,12
3.4761904761904763,21
3.7142857142857144,7
3.960227272727273,88
3.25,6
2.6363636363636362,11
3.0,1
3.116279069767442,43
3.0,2
4.0,1
4.0,1
3.3461538461538463,13
4.0,1
3.5,2
3.0,2
3.923076923076923,13
3.8777777777777778,45
3.0,5
3.875,8
4.25,2
3.6,10
4.092105263157895,38
3.909090909090909,11
3.625,4
3.8095238095238093,21
4.0,13
3.3333333333333335,3
3.5609756097560976,41
2.0,4
3.5526315789473686,19
3.2857142857142856,7
3.4,5
3.0625,8
2.0,1
3.5,6
2.6666666666666665,3
3.909090909090909,11
2.0,1
3.8529411764705883,17
3.4,5
3.5869565217391304,23
3.5660377358490565,53
2.6785714285714284,14
3.611111111111111,9
2.0,1
2.9375,24
3.2450980392156863,51
3.5,18
2.8333333333333335,6
3.6666666666666665,9
4.166666666666667,3
3.0,2
3.977272727272727,22
3.6666666666666665,3
3.75,22
3.84375,16
3.375,4
3.96875,16
3.4166666666666665,18
3.6666666666666665,3
3.911764705882353,17
3.425925925925926,54
4.0,1
3.6666666666666665,3
2.8793103448275863,29
3.5833333333333335,30
3.5,6
3.3333333333333335,6
4.0,1
1.5,2
2.1363636363636362,11
3.3636363636363638,11
3.3181818181818183,11
2.0,1
3.0,1
3.357142857142857,7
2.7,5
1.5,2
2.25,2
0.75,2
5.0,1
4.0,2
3.5,4
3.9658385093167703,161
2.3333333333333335,3
5.0,1
4.0,6
3.625,4
4.0,1
4.0,2
2.8333333333333335,3
3.3055555555555554,18
1.2105263157894737,19
3.75,12
1.0,1
3.8333333333333335,6
3.75,4
3.25,4
2.0,1
3.8,5
1.5,2
4.111111111111111,9
3.2586206896551726,29
4.25,2
3.0,1
5.0,1
3.0,2
3.235294117647059,17
3.0384615384615383,13
2.5,3
3.081081081081081,37
3.25,10
3.0,1
3.0,2
3.5,1
4.0,2
2.9691358024691357,81
3.210526315789474,38
3.8333333333333335,3
4.333333333333333,3
4.0,1
4.045454545454546,11
4.0,3
3.6666666666666665,12
3.4166666666666665,6
3.75,22
4.0,1
3.5652173913043477,23
3.5,18
3.25,2
3.5,2
1.875,8
3.1363636363636362,11
4.1,10
4.038461538461538,13
4.5,2
5.0,1
4.5,2
3.0,2
3.0,1
3.5,2
3.0,1
3.0,1
3.0,1
3.0,1
4.0,1
3.3846153846153846,13
2.6666666666666665,3
3.935483870967742,62
3.5625,8
3.5,2
3.1666666666666665,3
3.5454545454545454,11
3.5357142857142856,14
4.3125,8
3.4,5
4.625,4
3.8333333333333335,3
3.7857142857142856,14
2.7142857142857144,7
4.291666666666667,24
3.888888888888889,9
3.6,15
3.575,20
3.5,1
2.9166666666666665,12
2.0,5
2.0,5
2.5,2
3.5,2
3.1,5
2.3333333333333335,3
2.5,2
4.333333333333333,3
2.8684210526315788,19
3.1875,24
3.4545454545454546,22
3.6666666666666665,3
3.3125,16
3.8285714285714287,35
3.793103448275862,29
3.3157894736842106,19
2.7222222222222223,9
3.642857142857143,14
3.05,10
3.1666666666666665,3
2.6666666666666665,3
3.0,1
3.4166666666666665,12
3.75,4
3.0,2
3.0,3
3.5,2
2.7767857142857144,56
3.0,2
2.0,1
3.5,2
1.75,2
3.9,5
4.115384615384615,13
3.125,4
2.5,4
3.5,5
3.5714285714285716,7
4.333333333333333,3
4.304347826086956,23
4.0,2
3.3333333333333335,3
3.7142857142857144,7
3.625,8
4.037037037037037,27
3.642857142857143,7
5.0,1
3.6,5
4.666666666666667,3
3.159090909090909,22
3.8846153846153846,13
3.78125,16
3.5,2
2.6923076923076925,13
3.3043478260869565,23
5.0,1
3.2857142857142856,7
3.4292929292929295,99
2.7674418604651163,43
3.292307692307692,65
2.1666666666666665,6
2.952830188679245,53
5.0,1
3.5,2
3.5,2
3.5,9
3.5,3
3.4285714285714284,21
2.1,5
2.0,1
3.3333333333333335,3
3.0,1
3.2,5
3.3333333333333335,3
3.25,4
2.5,6
2.25,2
3.0,1
2.25,2
2.0,1
3.9285714285714284,14
3.0,2
2.581081081081081,37
3.2,5
3.75,2
3.7333333333333334,15
4.4,5
4.0,1
3.5416666666666665,24
4.333333333333333,3
3.559055118110236,127
3.4,5
4.5,2
3.076923076923077,26
1.75,4
2.0,1
3.6333333333333333,15
2.5,5
3.5,2
4.0,1
2.6666666666666665,3
3.2,5
3.3448275862068964,29
2.5,4
3.9444444444444446,9
3.272727272727273,11
2.8333333333333335,6
4.115384615384615,13
3.6666666666666665,3
3.7,5
1.0,1
2.25,14
1.75,2
3.125,4
2.3,5
2.925925925925926,27
2.183333333333333,30
2.6666666666666665,18
2.0,1
3.5,6
3.0,1
3.1666666666666665,3
3.0,4
2.8333333333333335,3
3.5,9
5.0,1
2.0,1
1.0,1
4.0,2
2.3333333333333335,9
3.5,2
3.6,20
5.0,1
3.0,1
3.0,1
4.0,1
4.0,1
5.0,1
3.6666666666666665,12
4.0,2
3.75,2
2.125,4
3.3333333333333335,3
3.75,2
3.0,1
3.0357142857142856,14
2.9558823529411766,34
2.125,4
2.8333333333333335,6
3.8714285714285714,35
3.4444444444444446,27
3.0,1
3.95,10
4.333333333333333,3
3.772727272727273,11
2.5,1
2.8,5
5.0,1
4.0,1
2.875,20
0.5,1
3.0,1
3.1666666666666665,3
1.5,5
3.0,1
1.0,1
3.0,2
2.8095238095238093,21
1.25,2
3.1875,8
3.888888888888889,99
3.0,1
2.5,2
4.5,1
3.3333333333333335,3
4.5,1
4.0,1
2.9,5
5.0,1
3.8043478260869565,23
3.76271186440678,59
3.5,2
3.3333333333333335,3
4.166666666666667,3
3.858974358974359,39
3.5454545454545454,11
3.0,4
2.6666666666666665,3
3.5,2
2.5,2
3.0,2
4.0,1
3.0,1
3.875,8
3.0,2
3.6,10
3.4,5
3.9444444444444446,9
3.4,5
3.25,4
0.5,1
4.0,1
3.0,6
2.5,2
4.0,1
3.0,1
3.0,1
4.0,1
3.0,1
4.0,3
4.0,1
2.2857142857142856,7
5.0,1
3.4431818181818183,88
3.869565217391304,69
3.6666666666666665,9
3.5,1
4.0,17
2.3333333333333335,3
2.75,4
2.0,2
2.125,8
3.4375,16
3.0,1
2.6666666666666665,3
2.25,2
3.4375,8
3.0,2
3.0,3
4.75,2
3.7093023255813953,43
2.4705882352941178,17
2.9565217391304346,23
3.8333333333333335,3
4.0,1
3.5454545454545454,11
2.9,5
2.625,4
4.0,1
2.7278481012658227,79
3.05,10
1.8611111111111112,18
3.25,14
2.4166666666666665,12
4.25,16
3.4347826086956523,23
3.0,1
2.775,20
2.95,10
2.7586206896551726,29
4.1,5
1.25,4
1.8181818181818181,11
3.375,4
3.03125,16
3.2983870967741935,62
3.8552631578947367,114
1.9,10
2.75,14
2.525,20
3.0,1
2.0,1
3.375,36
3.0,2
3.4,5
3.5,9
3.9,20
3.6458333333333335,24
4.0,4
3.227272727272727,11
4.036842105263158,95
2.5,4
3.7777777777777777,45
2.659090909090909,22
3.5,32
4.045454545454546,11
3.125,44
3.423076923076923,26
3.1363636363636362,11
3.8333333333333335,9
3.46875,96
3.142857142857143,21
3.375,4
2.792452830188679,53
1.0,1
3.875,96
3.466666666666667,15
3.125,4
2.375,4
3.888888888888889,18
3.910958904109589,73
4.0,1
3.1,10
4.125,8
3.3076923076923075,13
2.388888888888889,9
3.4545454545454546,11
3.25,4
3.5,2
2.0,1
4.0,2
3.5,5
3.0,1
0.5,1
2.6875,8
2.0,1
3.357142857142857,21
2.875,4
3.5,11
4.0,1
3.2,5
3.2142857142857144,7
3.0,3
3.4444444444444446,9
1.6666666666666667,3
3.25,2
2.480769230769231,26
1.0,1
5.0,1
4.0,1
4.0,1
2.8,5
3.0,4
1.0,1
2.9642857142857144,14
3.676470588235294,51
4.25,4
5.0,1
3.0,1
2.8125,8
3.2,5
2.5,1
4.5,2
3.0,2
4.5,1
3.8333333333333335,9
4.071428571428571,14
0.75,2
3.6458333333333335,24
3.0,1
4.0,1
2.0,2
3.8333333333333335,3
5.0,1
3.0,1
3.4,5
3.5833333333333335,6
3.4545454545454546,11
4.0,1
3.0,1
1.6666666666666667,6
2.8333333333333335,3
3.925,20
2.7,5
4.0,1
3.2083333333333335,12
3.3333333333333335,3
3.5,3
2.0,1
2.0,1
5.0,1
3.75,2
2.5,1
1.6666666666666667,3
4.0,8
2.5,2
3.0606060606060606,33
2.4375,8
4.5,1
2.8333333333333335,3
3.0,6
2.0,1
1.25,2
2.25,4
3.066666666666667,30
1.0,1
3.25,4
2.4375,8
3.1666666666666665,3
4.5,1
4.0,1
3.5,1
3.8,5
3.0,1
3.6666666666666665,3
3.9166666666666665,6
4.333333333333333,3
4.0,1
4.0,1
3.0,1
3.8333333333333335,3
4.0,1
3.6,5
3.9375,8
3.75,4
4.5,2
4.0,9
3.6666666666666665,6
3.5,2
4.0,2
4.0,1
3.0,1
3.5,1
5.0,1
2.125,4
3.3333333333333335,6
2.0,1
1.0,1
3.3,10
3.857142857142857,7
3.3,5
3.5,3
3.107142857142857,14
1.0,1
3.8333333333333335,3
3.7,5
4.0,4
3.5,4
3.6666666666666665,6
3.0,3
3.0,1
3.689189189189189,37
2.25,2
3.5454545454545454,11
4.2272727272727275,132
3.15,10
3.25,2
3.25,4
2.7857142857142856,14
2.5,1
3.1666666666666665,6
4.183333333333334,30
3.5,2
3.5,3
3.2058823529411766,17
3.4864864864864864,37
2.5,1
3.471830985915493,71
2.45,10
2.5,2
4.0,3
5.0,1
2.4,5
1.7142857142857142,7
3.704081632653061,49
4.333333333333333,6
0.8333333333333334,3
3.0,1
3.3333333333333335,3
2.0,1
2.734375,32
3.3333333333333335,3
4.333333333333333,3
2.5,2
2.7857142857142856,7
3.0,3
4.0,3
3.3,5
3.0,2
3.75,10
3.0,1
3.3333333333333335,3
3.0,1
3.0,3
2.4444444444444446,9
3.857142857142857,7
2.5,2
3.5,3
2.75,4
4.0,3
3.75,2
3.3392857142857144,28
2.5,2
5.0,1
4.3,5
2.3333333333333335,3
3.8477011494252875,174
3.6363636363636362,55
2.869047619047619,42
3.875,4
2.0,2
2.8,5
2.875,4
3.0,1
3.4642857142857144,28
3.6538461538461537,13
3.0,1
4.090909090909091,11
3.8214285714285716,14
3.5,4
2.0,1
3.0,12
3.5,4
3.0,1
4.75,2
3.625,4
2.5,8
5.0,1
2.725,20
2.9242424242424243,33
3.25,6
3.5,1
4.5,4
1.0,1
3.3823529411764706,17
3.6666666666666665,3
4.0,1
4.0,1
2.5,2
3.9166666666666665,6
3.857142857142857,7
3.25,6
3.0,2
3.810344827586207,29
3.3333333333333335,6
2.842857142857143,35
2.0,4
3.2875,40
2.9272727272727272,55
2.0,2
3.0555555555555554,9
4.0,1
3.576923076923077,13
3.8333333333333335,3
3.0,2
2.8333333333333335,3
4.166666666666667,3
1.3333333333333333,6
2.6666666666666665,6
2.289473684210526,19
3.5,2
3.0,1
4.0,1
2.0,1
2.3333333333333335,3
3.5,4
3.0,1
1.0,1
4.0,1
2.0,1
3.0,2
3.0,2
4.5,1
3.8636363636363638,11
4.5,2
2.4,5
4.0,3
3.0,1
3.5,1
3.5,1
2.5,1
3.125,4
4.5,5
3.4285714285714284,7
4.0,1
4.277777777777778,9
5.0,1
3.7857142857142856,7
2.25,2
4.125,4
4.0,3
3.6666666666666665,3
2.3333333333333335,3
5.0,1
4.125,4
4.0,3
1.75,2
3.026315789473684,19
2.9893617021276597,47
3.25,18
4.0,7
2.5,1
2.6,5
2.0,2
4.0,2
3.75,2
5.0,1
3.0,1
3.6,5
3.7857142857142856,7
5.0,1
3.6153846153846154,13
4.0,1
4.5,1
0.5,1
4.0,1
2.6666666666666665,6
4.0,1
1.0,1
3.5833333333333335,6
4.0,1
3.0,4
2.5,4
2.5,4
2.5,3
2.0,6
2.875,4
3.625,24
3.0,2
2.0,1
2.625,4
4.0,1
2.875,4
3.0,3
4.0,1
3.4761904761904763,21
4.5,1
3.0,3
1.1666666666666667,3
3.0,4
3.375,4
3.3,5
3.25,2
2.5,1
3.25,2
3.5,2
4.75,2
3.4,5
2.6666666666666665,3
4.0,1
5.0,1
3.5,2
4.0,1
2.5,5
3.0,1
2.0,1
2.5,2
1.25,2
1.5,2
3.8,5
3.75,2
3.8,5
4.25,4
1.0,1
3.0,1
3.0,1
3.0,1
2.0,3
3.0714285714285716,14
3.8,5
2.0,1
4.125,4
4.166666666666667,3
2.0,1
3.3333333333333335,9
2.909090909090909,11
1.0,1
3.0,1
4.0,1
3.0,2
2.8,5
2.6875,8
5.0,1
3.5,2
5.0,1
4.0,1
1.0,1
4.166666666666667,3
3.4625,40
3.0,3
4.0,1
4.0,2
2.0,1
5.0,1
3.75,4
2.642857142857143,7
4.0,2
3.5,1
5.0,1
1.0,1
2.0,1
4.0,1
3.0,1
2.1666666666666665,3
1.0,1
2.0,1
4.0,1
3.0,1
4.75,2
2.8333333333333335,3
1.0,1
3.875,8
5.0,1
2.9,5
3.25,2
2.642857142857143,14
3.0,1
3.5217391304347827,23
2.0,4
2.25,2
5.0,1
2.6666666666666665,3
3.625,4
2.0,2
3.0,2
5.0,1
3.0,1
2.0,1
2.4838709677419355,31
2.607142857142857,14
2.5,1
3.6666666666666665,36
4.0,7
2.875,44
3.5,1
4.5,1
2.75,6
2.5,2
1.75,6
3.0,1
3.8,5
4.0,1
4.0,3
3.9,5
3.5,4
4.0,1
3.625,4
1.25,2
2.0,1
3.25,2
2.75,10
1.0,1
2.0,2
2.8333333333333335,3
2.75,4
3.5625,8
3.3,10
2.0,1
3.611111111111111,9
3.6666666666666665,3
0.5,1
1.75,4
1.0,1
4.0,3
2.25,2
2.5,1
3.0,1
4.75,2
3.375,4
4.0,1
3.5,6
3.138888888888889,18
3.1538461538461537,26
3.5,3
3.5,3
3.75,4
4.0,1
3.5,5
3.5,2
5.0,1
3.2,5
2.0,3
1.0,1
5.0,1
2.871794871794872,39
2.75,2
3.489795918367347,49
2.5,2
4.333333333333333,3
3.9,5
5.0,1
4.5,1
2.3333333333333335,6
2.9375,8
5.0,1
2.6666666666666665,3
4.0,2
3.2419354838709675,31
2.0,6
1.0,1
2.75,2
4.0,3
2.0,1
4.5,1
3.75,2
2.1,5
1.5,3
1.5,1
1.75,2
1.5,2
4.0,1
3.75,2
0.5,1
4.0,2
5.0,1
1.8333333333333333,3
2.357142857142857,7
3.5,1
3.5,4
4.0,1
3.0,3
2.75,2
3.0,3
3.0,1
4.0,1
3.875,4
3.25,2
1.0,3
3.310810810810811,37
2.5,2
4.666666666666667,3
2.375,4
3.7857142857142856,7
5.0,1
2.75,4
3.5,4
5.0,1
3.5,2
3.7857142857142856,7
3.75,2
4.5,2
4.083333333333333,6
3.0833333333333335,6
3.0,1
3.75,2
3.8,5
4.0,2
4.0,2
3.0,1
3.272727272727273,11
3.5,2
3.2282608695652173,46
2.0,1
4.333333333333333,3
5.0,1
3.210526315789474,19
3.5,2
3.5,2
3.0,1
3.0,2
4.0,3
2.5,2
3.1875,8
3.0,2
2.25,2
2.0,1
4.0,1
3.0357142857142856,14
3.75,10
3.7051282051282053,39
3.0,1
4.0,1
2.0,1
3.4782608695652173,23
3.5,13
1.0,1
4.5,1
3.0,3
4.0,1
3.425,20
2.8,5
3.7,5
4.090909090909091,11
3.2083333333333335,24
1.0,1
1.125,4
4.026881720430108,93
3.8125,8
3.65,20
2.25,2
3.8846153846153846,130
3.0,10
3.625,4
3.642857142857143,7
2.760869565217391,23
3.0,1
2.5,1
3.657142857142857,105
3.0,1
3.125,4
3.25,2
3.519230769230769,26
3.0,4
4.1,10
3.0,3
3.5,5
4.15,10
3.0,4
4.25,2
3.1666666666666665,3
4.0,1
2.0,2
4.5,1
4.0,3
2.7,5
5.0,1
3.125,4
3.0,1
3.5,8
3.0714285714285716,7
5.0,1
3.25,2
1.5,1
2.0,2
2.642857142857143,7
2.5,2
2.8,5
3.0,2
4.0,1
2.9583333333333335,12
4.0,1
3.0,1
3.8807692307692307,130
4.5,1
3.9,5
3.9444444444444446,9
2.75,2
3.6,5
3.7222222222222223,9
3.5,3
3.25,2
4.096,125
2.923076923076923,13
3.0135135135135136,37
3.0,2
3.3333333333333335,3
3.6,5
3.753623188405797,69
3.1,15
4.25,2
1.0,1
3.0,1
3.0,1
2.5,2
3.3333333333333335,3
2.8,10
4.1825,200
3.55,10
3.9517543859649122,114
2.5,1
3.0,1
4.0,2
3.5,1
3.5,1
2.75,2
3.0,1
3.0,1
3.6875,8
3.0833333333333335,6
3.7244897959183674,49
1.5,3
3.3620689655172415,29
3.4285714285714284,14
3.2777777777777777,27
2.25,4
4.666666666666667,3
3.0,1
3.4,5
4.0,1
4.0,1
2.75,10
2.9,10
2.75,4
4.5,2
2.0,1
3.5,4
4.0,1
2.0,1
3.5,5
3.0,1
1.0,1
3.0,1
3.5,1
2.0,5
2.3,5
3.46875,16
3.25,2
3.25,2
3.6666666666666665,3
3.25,8
4.0,4
2.0,1
4.5,1
3.7457627118644066,59
1.6666666666666667,3
5.0,1
2.0,1
3.8260869565217392,23
2.5714285714285716,7
3.1,10
3.75,2
5.0,1
2.3333333333333335,3
3.5,2
3.5,8
4.0,1
3.5,1
3.0,1
2.75,2
3.25,2
4.0,1
3.1666666666666665,3
3.0,1
4.5,1
3.0,3
2.1666666666666665,3
1.0,3
3.6666666666666665,3
3.0,1
3.75,2
3.0,1
3.6666666666666665,3
5.0,1
4.0,1
3.880952380952381,21
3.75,4
2.25,6
3.5,4
3.9,5
3.5,1
3.1818181818181817,11
3.0,3
4.6,5
0.5,1
4.0,1
3.3333333333333335,6
4.5,3
4.0,1
2.0,1
2.6666666666666665,3
2.3333333333333335,6
3.5,2
3.625,16
4.5,2
3.5,3
3.0,2
4.0,1
3.6363636363636362,11
4.125,8
2.8846153846153846,13
3.75,16
3.0,1
3.6,5
4.0,1
4.0,1
3.6666666666666665,3
4.0,1
4.0,3
2.8333333333333335,3
2.1666666666666665,12
2.5,2
4.0,5
3.0,2
3.0,1
3.5,1
2.5,2
4.0,3
3.6666666666666665,3
4.0,1
3.0,1
2.0,2
4.0,1
3.5,1
4.0,1
3.5,1
3.75,4
3.3968253968253967,63
3.0,22
2.6,5
3.5833333333333335,6
1.0,1
1.0,1
3.980769230769231,26
3.5,1
1.0,1
5.0,1
4.0,1
4.0,1
4.0,1
4.0,1
4.0,1
1.0,1
2.75,4
4.75,2
1.5,2
1.5,1
4.0,1
5.0,1
1.5,2
2.5,6
1.25,2
3.5,5
2.840909090909091,22
2.375,4
2.0,1
4.0,1
5.0,1
3.125,4
3.216666666666667,30
3.375,4
3.857142857142857,7
4.0,1
3.25,2
4.0,1
2.0,1
0.5,1
1.8333333333333333,3
3.1666666666666665,3
2.9545454545454546,11
3.0,1
4.0,2
3.96875,16
3.75,8
3.2,10
2.95,10
2.6875,8
4.0,3
3.3333333333333335,3
3.3627450980392157,51
4.0,3
5.0,1
3.5,1
2.85,10
3.0,3
3.5,1
3.0,1
3.0789473684210527,19
2.8125,8
3.375,8
2.0454545454545454,11
3.0,2
3.0833333333333335,6
4.0,5
1.625,4
4.0,1
4.0,2
3.8333333333333335,3
4.0,1
2.8333333333333335,3
2.0,1
3.6666666666666665,3
3.3125,8
4.25,4
2.0,1
3.0,1
4.0,2
3.8333333333333335,3
3.5,1
3.5223880597014925,134
1.0,1
2.0,1
3.25,2
0.5,1
3.5,5
3.0,2
2.5,3
3.5,1
1.0,1
3.4166666666666665,6
3.5,2
1.0,1
4.166666666666667,3
3.5,2
3.5,2
3.75,2
3.644230769230769,52
3.1036585365853657,82
4.25,4
4.0,5
3.6,5
4.0,1
4.0,1
3.75,6
3.3,5
3.326923076923077,26
3.1666666666666665,3
4.0,6
1.0,1
4.25,2
3.088235294117647,17
3.4444444444444446,9
3.5,2
1.5,2
0.5,1
3.75,4
3.4166666666666665,6
1.5,1
3.0,5
3.88,100
2.125,12
2.6666666666666665,6
3.5,3
4.5,1
2.0,1
5.0,1
3.0,1
2.75,2
3.5,2
2.8333333333333335,3
4.5,1
2.0,1
3.880952380952381,21
3.6869565217391305,115
4.25,10
3.1666666666666665,3
2.5,1
2.736842105263158,19
2.5,1
1.8333333333333333,6
1.0,2
3.0714285714285716,49
3.875,4
1.6666666666666667,3
2.84375,16
3.3947368421052633,38
1.0,1
3.4,5
3.0,1
5.0,1
4.5,3
3.25,4
2.5,5
3.0714285714285716,7
3.1,5
2.911111111111111,45
3.6,5
3.4166666666666665,6
4.25,2
4.75,2
3.9583333333333335,12
3.0,1
3.1666666666666665,54
1.0,1
1.8125,8
3.5833333333333335,12
3.375,4
2.4782608695652173,23
3.3,5
3.5,2
1.0,1
1.0,1
4.5,1
0.5,1
4.125,4
1.8,5
3.0,6
4.0,3
2.6666666666666665,3
3.1842105263157894,19
2.5,6
2.5,1
4.0,1
1.0,1
3.0,1
3.0,1
3.75,10
2.9545454545454546,11
3.5,3
3.5,2
2.5,2
1.0,1
2.5,1
4.5,1
4.0,1
2.0,1
2.0,2
3.1666666666666665,3
3.0,2
3.0,2
2.6666666666666665,6
2.5,1
3.088235294117647,17
1.0,1
3.2916666666666665,12
2.5,2
2.0,1
1.0,1
2.5,1
2.5,2
3.5,1
2.5,1
3.0,1
3.875,4
4.166666666666667,3
4.0,1
4.0,1
4.5,2
4.083333333333333,6
2.3333333333333335,3
3.3333333333333335,3
4.0,1
3.25,2
1.5,1
3.4,15
4.134920634920635,63
3.5,1
3.090909090909091,22
2.5,8
4.5,1
2.3333333333333335,3
3.4,5
4.0,2
3.759259259259259,27
4.0,2
4.5,2
3.0,1
1.5,1
3.0,1
4.0,1
4.0,1
2.5,1
2.75,2
3.5,2
3.0,2
3.6,10
3.0,3
3.5,2
4.25,2
3.0,1
2.0833333333333335,6
3.25,2
3.6,5
3.913793103448276,58
4.125,4
0.5,1
3.5208333333333335,24
3.0,1
3.0,1
2.0,1
3.4270833333333335,48
3.7,5
3.75,2
2.0,1
3.5,1
3.6,5
4.0,1
4.0,14
2.5,1
3.1363636363636362,11
2.25,4
4.0,1
4.0,1
0.75,2
3.0,1
3.25,4
3.1,5
2.5,1
3.5,3
2.5,1
3.0,1
4.0,1
2.5,2
4.5,2
2.5,1
3.0,3
2.5,1
2.0,1
4.0,1
4.0,1
4.5,1
3.7142857142857144,7
2.8333333333333335,3
2.0,1
5.0,1
3.5,1
4.5,3
3.0,1
4.0,1
2.5,1
2.0,1
3.625,4
4.068181818181818,22
2.4,5
3.3181818181818183,11
2.0,1
1.0,1
3.9615384615384617,13
2.7,5
3.5,1
3.25,2
4.25,2
4.166666666666667,3
2.0,3
2.0,1
2.75,6
3.25,24
4.166666666666667,15
1.0,2
3.6604938271604937,81
4.0,1
3.5,1
3.8333333333333335,3
4.0,1
4.0,1
5.0,1
3.0,2
3.5,1
0.75,2
3.0,4
3.0,1
4.0,1
4.0,1
4.0,2
2.0,3
4.0,1
4.0,1
3.0,3
0.5,1
3.1666666666666665,3
4.0,1
1.0,1
2.5,2
0.5,1
5.0,1
3.5,3
4.0,1
4.0,1
3.096774193548387,31
3.5,1
1.75,2
2.0,2
3.95,10
3.90625,16
2.0,3
0.75,2
2.4375,8
3.0,7
2.0,1
4.5,1
3.0,1
3.6666666666666665,3
4.0,2
2.388888888888889,9
2.5,1
3.7738095238095237,42
3.7285714285714286,35
2.5,3
1.0,1
3.0,1
4.25,2
4.25,2
1.5,1
3.0,1
2.75,2
3.0,1
2.5,4
3.8333333333333335,3
4.0,1
3.0,1
2.25,4
3.4,5
2.0,4
2.5,5
2.533333333333333,15
2.95,10
3.25,34
3.75,2
3.8333333333333335,3
4.0611702127659575,188
3.574074074074074,27
3.625,8
3.6714285714285713,35
2.566666666666667,15
2.0,1
3.375,8
5.0,1
3.5,2
1.75,2
3.5,2
3.0,1
2.5,1
3.5,2
2.0,1
3.6,5
4.230769230769231,26
3.5,1
4.0,1
3.0,1
3.25,2
3.9696969696969697,99
3.6470588235294117,51
3.8333333333333335,15
3.0,1
3.5,1
4.131147540983607,61
3.0,1
4.0,10
3.625,16
4.25,2
1.0,2
3.5,2
1.0,1
1.375,4
1.0,1
4.297101449275362,69
4.5,2
4.0,1
3.5,2
3.3333333333333335,3
3.25,2
4.25,2
5.0,1
4.5,1
3.0,1
3.5,2
1.6666666666666667,3
4.0,1
3.5,1
3.5,2
4.0,1
1.8333333333333333,3
2.4444444444444446,9
3.0714285714285716,14
2.75,4
3.8,5
4.25,2
3.5,1
4.0,1
4.5,1
3.25,2
3.0,1
3.5,1
2.0,1
4.125,4
2.75,2
3.0,1
2.5,1
4.0,6
2.0,1
3.95,10
3.0,1
5.0,1
0.5,1
3.5,1
2.8333333333333335,3
4.5,1
4.5,1
4.5,3
4.0,2
3.0,1
4.0,3
4.0,2
2.25,2
3.5,1
4.5,1
3.5,2
2.0,1
3.0,1
1.0,1
3.1333333333333333,15
3.2,15
2.482142857142857,28
1.5,1
2.0,2
5.0,1
4.0,1
3.4,5
3.5,3
2.0,2
4.0,1
3.5,3
4.1,5
2.0,1
2.0,1
4.333333333333333,6
3.5,32
4.0,1
3.5,4
3.5,1
3.5,2
2.0,2
2.5,1
4.0,1
4.25,2
2.642857142857143,7
3.2857142857142856,7
3.9166666666666665,6
3.8333333333333335,3
3.7,5
3.3902439024390243,41
2.75,2
2.8333333333333335,3
3.0,1
2.5,1
3.25,2
3.5,2
3.5,2
3.8333333333333335,3
2.75,2
3.0,1
4.0,6
3.6666666666666665,3
2.8333333333333335,6
3.0,2
3.0,2
3.3461538461538463,13
3.0,1
4.25,2
3.25,2
4.0,2
2.0,4
2.3333333333333335,3
1.875,4
4.1,5
3.5,1
1.5,1
3.25,2
4.0,1
2.9,5
2.5,3
3.0,1
4.5,2
3.0,2
4.142857142857143,7
4.166666666666667,3
4.833333333333333,3
3.0,1
4.0,1
3.4107142857142856,28
3.6875,16
0.5,1
4.125,4
2.347826086956522,23
2.75,4
3.3,5
2.875,4
4.0,1
3.5238095238095237,21
3.1875,8
0.5,1
3.6666666666666665,6
2.0,1
3.0,3
1.0,1
3.3333333333333335,9
3.25,2
4.0,1
2.75,4
2.25,2
1.75,2
3.2,5
2.5,2
2.8333333333333335,3
3.608695652173913,23
4.0,3
2.0,1
3.875,16
5.0,1
3.617283950617284,81
1.5,1
3.8333333333333335,3
2.25,2
4.0,2
3.5,2
5.0,1
3.5,1
3.2,5
2.0,1
2.0,1
4.068181818181818,22
3.75,2
3.5,1
3.1666666666666665,3
3.8333333333333335,3
3.268292682926829,82
2.888888888888889,9
4.5,1
5.0,1
3.8333333333333335,6
3.1,50
4.75,2
3.80327868852459,122
3.5272727272727273,55
2.75,4
4.045454545454546,11
1.9166666666666667,12
3.5,1
3.7045454545454546,22
3.5,1
4.0,1
3.75,2
2.6666666666666665,3
3.25,2
3.5,1
4.5,2
3.0,1
3.0,2
3.75,2
3.5,5
3.5,1
1.5,1
3.5,1
4.5,2
3.3333333333333335,3
3.75,2
1.25,2
1.0,1
4.0,1
4.0,1
2.7,5
3.5,1
3.0,1
3.5,1
3.8333333333333335,3
3.5833333333333335,6
3.9347826086956523,23
3.5,1
3.5,1
4.5,1
3.3333333333333335,3
4.0,1
2.8333333333333335,3
3.9,5
3.5,2
3.0,1
4.0,2
4.4,5
2.25,2
4.5,1
3.25,4
4.0,1
2.5,1
3.0,1
3.75,2
2.0,1
3.0,2
3.3333333333333335,3
3.625,4
1.25,4
3.5,1
3.25,2
2.0,1
3.8076923076923075,52
2.0208333333333335,24
4.0,1
4.0,1
3.0,1
0.5,1
4.0,3
3.0,1
2.5,1
3.0,1
2.8333333333333335,3
3.5,1
3.5,1
4.125,4
1.0,1
3.6,5
2.375,16
2.1666666666666665,6
4.5,1
3.0,38
3.7,5
3.854609929078014,141
2.85,20
1.0,1
3.1818181818181817,11
2.5,5
3.85,10
4.0,1
3.875,4
3.5,1
2.5833333333333335,12
3.82,25
0.5,3
2.75,2
4.0,1
3.0,1
3.1666666666666665,3
2.8333333333333335,3
2.0,1
3.0,10
1.0,2
3.8333333333333335,6
2.6666666666666665,3
2.4285714285714284,14
2.45,10
2.875,4
5.0,2
3.5,1
1.0,1
4.0,2
3.0,1
3.25,2
4.5,1
4.1,5
2.25,2
2.1666666666666665,6
3.8333333333333335,3
3.6875,8
3.6470588235294117,17
2.0,1
3.0,1
3.5,1
4.0,1
3.75,2
3.125,4
4.25,2
3.6666666666666665,3
4.25,6
0.5,1
3.0,4
3.3333333333333335,3
4.1,5
2.4,5
3.423076923076923,13
3.8333333333333335,15
3.6875,8
3.5,5
3.5,1
4.111111111111111,9
4.75,6
0.5,1
3.0,1
2.3333333333333335,3
3.5,1
2.5,1
2.1666666666666665,3
3.5,1
1.5,1
3.5,1
2.0,1
2.5,4
3.75,22
3.15,10
3.3333333333333335,3
3.8176470588235296,85
3.8333333333333335,3
4.0,2
3.75,4
3.75,2
3.5,1
3.9166666666666665,6
5.0,1
2.5,1
3.5,1
3.25,6
4.25,4
3.25,2
2.5,1
3.6,5
3.25,2
3.0,1
0.5,1
3.4,10
3.1904761904761907,21
3.2777777777777777,9
4.0,1
3.5,2
4.0,1
2.1666666666666665,6
3.25,4
3.3333333333333335,3
3.75,2
5.0,1
4.25,2
1.0,1
2.5,2
3.923076923076923,13
3.7857142857142856,7
4.375,4
3.9444444444444446,9
3.75,2
4.25,2
4.0,1
4.0,5
3.2,5
3.75,4
4.125,20
2.25,2
3.625,4
3.8,5
3.125,4
2.1666666666666665,3
3.9814814814814814,27
2.25,2
3.0,1
3.0,1
4.0,1
3.0,1
4.054054054054054,37
2.375,4
2.3333333333333335,3
2.875,4
2.5,1
2.25,2
3.0,1
4.0,2
4.25,2
3.0,4
3.0,1
1.0,1
2.5,2
4.0,1
4.0,1
3.125,4
4.0,1
3.5,1
3.1666666666666665,3
3.5,1
4.125,4
3.5,2
3.3636363636363638,11
3.25,4
3.5,2
3.5294117647058822,51
3.75,2
3.576923076923077,13
3.8333333333333335,3
4.125,4
3.619565217391304,46
0.5,1
3.107142857142857,14
3.81981981981982,111
1.0,1
4.0,1
3.2,10
2.6666666666666665,3
3.55,10
4.5,1
4.0,1
1.0,2
3.0,3
2.4166666666666665,12
2.4,5
3.35,10
2.5,1
3.357142857142857,7
3.5,1
4.0,2
3.8333333333333335,3
2.5,1
3.75,4
5.0,2
4.5,1
3.25,2
3.5,1
3.75,10
3.037037037037037,54
3.8333333333333335,3
3.1666666666666665,27
4.0,1
3.581818181818182,55
3.1363636363636362,11
3.6666666666666665,3
3.4558823529411766,34
2.5,1
2.3333333333333335,3
3.3333333333333335,3
3.316666666666667,30
4.25,6
3.5,19
2.5,1
4.0,2
3.25,2
4.0,1
3.5,1
3.5,2
3.5,4
4.0,2
4.1,5
3.8,10
3.25,2
3.3,5
3.621212121212121,33
2.5,1
3.1666666666666665,3
3.5,1
4.3,5
4.1,5
4.0,13
3.1666666666666665,3
4.0,3
3.5,1
3.0,1
3.8,15
1.0,1
2.2,5
3.0,1
3.5,1
2.9,5
3.5,7
4.5,1
3.0,2
2.8846153846153846,13
1.5,3
3.3333333333333335,6
2.9,5
3.0,2
3.75,2
3.5,1
2.0,1
3.95,10
1.0,1
3.0,2
3.0,4
4.0,1
3.769230769230769,26
3.0,1
4.0,2
4.0,2
2.0,1
3.9,5
4.0,3
3.0,1
3.7,5
2.875,8
3.6666666666666665,3
3.5,2
2.5,4
4.25,2
3.4166666666666665,6
3.5,7
2.857142857142857,7
4.0,1
3.5,1
4.0,1
3.5,1
3.875,4
3.0,1
3.5,1
3.0625,8
3.8333333333333335,3
3.5,4
4.333333333333333,9
3.857142857142857,7
3.0,2
3.0,1
3.25,4
4.25,2
3.75,2
3.25,2
4.0,4
3.8,5
4.5,1
4.5,5
2.8333333333333335,3
3.5,4
3.5,2
3.5,2
5.0,1
4.0,1
2.5,1
3.625,8
3.5,1
3.0,1
5.0,2
4.25,2
4.083333333333333,6
3.8636363636363638,33
4.111111111111111,9
0.5,1
2.5,1
4.0,2
4.1,20
3.0,3
2.375,4
2.625,4
3.3333333333333335,3
1.5,1
3.0,1
4.5,1
3.75,2
4.7,5
3.0,2
3.75,6
3.75,2
3.75,6
3.5,1
4.5,1
4.0,1
3.5,1
4.0,11
3.625,4
4.25,4
4.0,7
3.8529411764705883,17
3.0,2
3.6444444444444444,45
3.827272727272727,55
3.2083333333333335,12
2.3,5
3.75,4
4.0,1
4.127840909090909,176
3.4375,8
3.25,4
4.0,15
3.3,10
3.5625,16
2.5714285714285716,7
3.28125,16
2.95,10
3.3333333333333335,6
3.5,2
3.0,3
4.0,1
2.3461538461538463,13
4.0,2
3.5,1
4.0,1
4.0,1
3.0,1
3.5,1
1.5,1
4.0,1
2.0,1
3.5,1
3.5,1
3.0,1
3.0,1
1.0,1
0.5,1
4.0,1
3.0,1
5.0,1
3.6666666666666665,3
3.8333333333333335,3
4.5,1
4.0,4
4.0,6
3.1666666666666665,3
3.75,2
4.0,1
3.0,1
3.1666666666666665,3
2.5,1
3.9,5
4.0,7
3.0,2
4.0,1
1.0,1
3.4,5
3.0,1
2.0,1
3.46875,48
2.357142857142857,7
4.2,10
2.25,2
1.5,1
5.0,1
3.8636363636363638,11
3.8333333333333335,9
3.25,2
2.5,1
0.5,1
1.75,2
3.9375,8
3.2758620689655173,29
2.1666666666666665,3
4.0,1
4.0,2
5.0,1
3.5,5
2.5,1
4.0,1
3.25,2
4.0,1
3.0,1
0.5,1
2.0,1
2.6666666666666665,3
3.1875,16
3.0416666666666665,12
3.0,1
4.0,4
3.7142857142857144,21
3.5,7
2.5,17
3.8333333333333335,9
3.1666666666666665,3
4.5,1
1.5,1
3.269230769230769,13
3.1666666666666665,6
3.357142857142857,7
4.5,1
4.0,1
3.0,1
5.0,1
3.75,2
2.5,1
3.4,25
4.122641509433962,106
3.375,4
2.1666666666666665,6
2.5,7
2.25,2
3.875,8
3.0,1
3.2857142857142856,28
4.0,1
4.333333333333333,3
2.3333333333333335,3
4.0,1
4.0,6
2.6666666666666665,3
3.5,3
4.0,13
3.6,10
3.0,2
3.5,1
4.1,5
2.5,1
2.0,2
2.5,1
3.875,8
3.0,1
3.6650485436893203,103
2.7857142857142856,7
2.8529411764705883,17
3.391304347826087,23
0.5,1
2.75,2
2.0,1
3.517857142857143,28
3.0,1
2.84375,16
4.5,1
3.1875,32
4.75,2
3.142857142857143,7
4.0,3
3.375,4
4.0,9
3.8333333333333335,3
3.3333333333333335,3
3.0,1
3.8,5
4.386363636363637,22
3.1666666666666665,3
3.25,2
3.375,4
5.0,1
4.625,4
3.727272727272727,11
3.5,5
4.0,1
3.5,3
3.0714285714285716,7
5.0,1
2.25,2
2.8333333333333335,3
3.5,1
3.375,4
2.0,1
4.0,1
4.0,6
3.0,1
3.5833333333333335,6
3.75,2
3.75,2
3.8333333333333335,3
4.0,1
4.0,2
4.0,1
4.5,1
1.0,1
4.0,7
3.0,1
4.416666666666667,6
3.5,1
4.125,4
4.75,2
1.6666666666666667,3
3.5,1
3.5,1
3.5833333333333335,6
2.5,1
3.5,3
3.75,2
4.25,2
3.625,4
3.75,2
3.25,2
3.5,2
3.5,1
4.125,4
1.0,1
3.0,1
3.0,1
4.071428571428571,7
4.25,4
4.5,4
5.0,1
3.5,1
3.5,2
3.5,1
4.5,1
2.0,1
4.0,1
2.8333333333333335,3
3.3333333333333335,3
4.2,5
3.5,2
3.6666666666666665,3
3.75,2
3.75,2
1.5,1
3.5,2
2.5,1
4.0,1
3.5,2
4.0,2
4.5,3
3.6666666666666665,3
4.0,1
3.8333333333333335,3
3.6666666666666665,3
3.75,2
3.5833333333333335,6
3.8333333333333335,3
2.8333333333333335,3
3.2,5
3.5,1
4.0,4
3.0,1
2.5,1
2.5,1
4.5,1
3.5,1
2.5,1
3.0,1
3.5,1
4.5,1
2.0,1
4.0,2
3.5,1
3.0,1
3.1666666666666665,3
4.0,1
3.5,1
3.5,2
4.5,1
3.5,2
3.0,1
2.5,1
4.5,1
3.25,6
4.5,2
5.0,1
3.5833333333333335,6
4.0,1
4.5,1
3.5,2
3.0,1
4.125,4
3.0,1
4.125,4
4.0,3
1.5,1
4.0,1
4.0,1
2.5,1
3.5,1
3.5,1
3.8333333333333335,3
3.9,5
3.357142857142857,7
4.166666666666667,3
3.1666666666666665,3
3.375,4
3.5,1
3.5,1
3.0,1
2.8333333333333335,3
3.0,1
2.0,1
3.3333333333333335,3
3.5,1
3.5,2
3.3,5
4.375,4
3.5833333333333335,6
3.5,1
2.25,2
4.0,2
3.0,2
3.25,2
3.9285714285714284,7
3.75,2
2.5,1
3.0,1
3.5,1
2.75,2
4.0,2
2.75,2
5.0,1
5.0,1
4.333333333333333,3
4.5,1
3.625,4
1.75,2
3.0,2
4.166666666666667,3
4.454545454545454,11
1.5,1
0.5,1
2.0,2
1.75,2
4.0,1
3.5,1
3.5,2
4.0625,8
3.6875,8
3.5,3
2.25,2
3.142857142857143,7
4.125,4
3.5,1
4.333333333333333,3
4.0,1
3.0,2
4.0,4
2.75,2
2.8333333333333335,3
2.5,2
3.6666666666666665,3
4.75,2
4.2,5
5.0,1
3.625,4
4.1,15
4.0,1
4.5,4
5.0,1
3.5,3
5.0,1
4.0,1
3.0,1
5.0,1
3.5,2
4.333333333333333,3
2.5,1
3.5,1
2.75,2
4.0,1
2.6666666666666665,3
0.5,1
4.25,2
3.5,1
3.5,1
3.5,1
3.6666666666666665,9
3.8333333333333335,3
3.6666666666666665,3
4.5,2
3.574074074074074,81
3.06,25
2.5,1
2.0,4
3.25,2
3.3333333333333335,15
3.0,2
3.761904761904762,84
3.3,5
3.9285714285714284,7
3.2,20
1.5,4
2.45,10
3.1333333333333333,45
3.5,2
1.9166666666666667,6
4.0,1
2.0,1
2.0,1
4.0,1
4.0,1
4.0,1
3.0,1
3.0,1
1.0,1
3.5,3
4.0,1
4.0,1
3.75,2
2.5,1
2.5,1
3.533333333333333,45
2.5,1
4.25,4
3.0,2
3.5,1
4.0,1
2.75,2
3.5,3
3.8333333333333335,3
3.7142857142857144,14
3.125,4
3.5,3
4.5,1
3.388888888888889,9
4.25,2
3.75,2
3.5,1
2.5,2
2.3333333333333335,3
3.0,1
3.3378378378378377,37
3.364864864864865,37
3.875,4
2.7,5
3.393939393939394,33
2.5,1
3.5,3
4.0,1
4.0,7
3.5,1
3.0,2
4.5,1
2.25,2
2.0,1
4.0,2
4.0,1
4.333333333333333,3
3.5,5
3.9,5
2.5,1
3.75,2
4.25,2
3.5,1
3.6666666666666665,3
4.0,4
2.5,1
3.8333333333333335,3
4.5,1
3.4166666666666665,6
2.25,2
3.25,2
2.625,4
3.5,1
3.25,2
3.6666666666666665,3
3.75,4
3.5652173913043477,46
3.4615384615384617,13
3.0,1
3.0,1
3.6875,8
3.625,84
3.8823529411764706,17
2.5,8
3.514705882352941,34
3.0,1
3.5,4
3.3421052631578947,57
3.676470588235294,17
4.25,2
2.0,1
3.8333333333333335,3
3.5,1
3.25,4
3.7905405405405403,74
2.0714285714285716,7
2.75,2
4.5,1
3.5,1
5.0,1
4.0,1
4.0,1
3.0,1
3.0,1
5.0,1
3.0,1
3.0,1
3.75,2
4.0,2
3.5,1
2.5,1
2.5,1
1.0,1
3.75,2
2.5,1
1.5,1
4.5,1
2.5,1
3.5,1
4.5,2
4.0,1
4.0,1
4.0,4
3.5,1
1.5,1
4.0,1
3.5,1
3.75,2
0.5,1
4.0,1
3.0,13
3.0172413793103448,29
3.6293103448275863,58
3.5,1
3.0,1
2.5,1
3.25,4
4.5,1
3.7125,40
2.5,1
4.0,2
3.6363636363636362,22
3.0625,8
2.638888888888889,18
0.5,1
3.0,2
1.0,1
2.5,1
2.5,1
2.5,1
3.0,1
4.357142857142857,7
3.0,1
2.25,2
2.5,1
1.5,1
3.875,4
1.5,1
2.3333333333333335,3
3.6,5
2.5,1
2.5,1
2.0,1
2.5,1
2.0,1
2.5,1
3.5,1
3.0,1
0.5,2
2.5454545454545454,11
2.75,14
3.5,1
2.727272727272727,11
2.75,4
3.1,5
3.5,1
3.5,1
3.673076923076923,26
3.8714285714285714,70
4.0,5
3.375,4
3.25,2
4.0,1
4.0,1
4.5,1
4.0,1
3.5,1
3.5,4
2.6818181818181817,11
3.25,4
3.611111111111111,18
2.5,2
3.75,12
2.0,1
3.4285714285714284,7
3.425,20
3.0,2
3.5,1
2.5,1
4.25,2
3.0,2
3.5,4
4.0,1
3.5,2
3.5,1
4.666666666666667,3
1.0,2
4.375,4
4.666666666666667,3
3.5,1
2.5,1
2.769230769230769,13
2.625,4
3.6666666666666665,45
3.6842105263157894,19
4.0,2
3.5,1
5.0,1
3.272727272727273,33
3.9523809523809526,21
3.861111111111111,126
0.5,1
1.5,1
2.7857142857142856,7
3.5357142857142856,14
2.3333333333333335,3
3.3125,8
3.8513513513513513,37
3.414285714285714,35
3.9375,8
2.5,2
3.5,2
4.25,2
3.9210526315789473,19
3.5,1
3.323529411764706,17
2.911764705882353,34
1.7916666666666667,12
4.0,1
3.5,2
4.0,1
3.5,2
3.5,4
4.0,1
3.5,1
4.0,1
3.5,1
2.5,1
5.0,2
4.0,1
3.6666666666666665,3
0.5,1
4.5,1
4.3,5
4.0,1
3.5,2
3.5,1
2.0,1
4.5,1
4.0,4
3.35,10
4.0,1
3.0,1
3.6666666666666665,3
3.5,4
3.5,1
4.0,1
5.0,1
3.8333333333333335,3
3.0,1
3.75,2
0.5,1
3.5,3
4.0,1
3.5,1
2.5,1
3.5,1
3.875,4
5.0,1
4.0,1
4.0,1
3.6666666666666665,3
1.75,2
4.5,1
4.0,1
2.75,2
3.5,1
3.5,1
0.5,1
3.5,1
2.5,1
3.0,1
2.5,1
3.5,1
4.0,1
3.5,1
2.8333333333333335,3
2.5,1
4.0,1
4.5,1
4.25,2
4.25,2
4.0,1
2.0,1
3.75,2
4.0,1
2.5,1
3.5,1
4.5,1
4.5,1
3.5,2
3.5,1
4.5,1
0.5,1
3.0,1
3.5,1
2.5,1
2.0,2
3.75,2
4.0,1
4.5,2
3.75,6
3.0,1
4.0,1
3.5,1
5.0,1
3.3333333333333335,3
3.0,2
3.5,1
3.5,1
3.5,1
4.083333333333333,6
3.375,4
4.5,1
5.0,1
5.0,1
4.0,4
0.5,1
3.5,1
4.0,1
4.0,1
3.75,2
4.0,2
3.0,1
3.6666666666666665,3
3.5,1
0.5,1
3.0,2
4.0,1
4.0,1
4.0,1
3.5,1
3.8333333333333335,3
4.0,2
4.0,4
4.0,1
4.0,5
3.5,1
4.0,1
4.0,1
3.75,2
3.5,1
2.5,2
3.75,2
2.0,1
4.5,2
2.5,1
3.5,1
4.5,1
3.5,1
4.0,1
4.5,5
3.0,1
3.5,1
3.0,1
3.5,1
4.5,1
2.25,2
2.5,1
2.5,2
3.75,2
2.0,2
3.5,1
3.0,1
4.5,1
4.0,2
2.5,1
1.0,1
4.0,1
3.5,1
5.0,1
3.5,3
1.0,1
2.5,1
3.0,1
3.0,1
1.0,1
2.0,1
3.8333333333333335,3
3.0,1
0.5,1
2.0,1
3.5,1
3.8333333333333335,3
5.0,1
4.5,1
4.5,1
2.5,1
4.5,4
3.125,4
4.0,2
4.25,2
3.1666666666666665,3
4.0,2
2.25,2
4.0,1
5.0,1
2.0,1
3.5,2
4.4,5
5.0,1
3.75,2
4.25,2
3.9615384615384617,13
3.5,1
3.0,1
3.4,5
4.5,1
3.8333333333333335,18
4.0,1
3.5,4
4.0,2
3.5,1
2.0,1
3.25,2
4.0,1
3.5,1
1.6666666666666667,3
4.0,1
4.0,1
4.0,1
4.5,4
2.5,1
4.375,8
4.0,1
4.0,1
4.0,1
4.0,1
5.0,1
3.0,1
1.5,1
3.9166666666666665,12
3.0,1
3.0,1
3.5,1
5.0,1
5.0,1
4.5,1
3.25,2
4.0,1
4.0,1
3.5,1
3.5,1
3.5,3
4.0,2
5.0,1
3.0,1
4.0,1
4.5,2
1.5,2
3.0,1
3.75,2
4.5,1
4.5,1
4.166666666666667,3
2.0,1
3.3333333333333335,3
3.5,1
3.5,4
4.333333333333333,3
2.0,3
2.75,2
3.75,2
4.5,2
2.75,2
4.5,1
2.0,1
3.5,2
4.0,1
2.5,1
3.375,4
3.75,6
3.5,1
4.0,3
3.5,1
3.0,1
1.0,1
3.5,2
3.5,2
0.5,1
4.0,1
4.0,1
4.0,1
4.0,2
3.0,1
2.6666666666666665,6
1.0,1
4.25,2
4.0,1
4.0,1
5.0,1
2.8,5
3.4285714285714284,21
4.5,1
1.5,1
3.676470588235294,17
5.0,1
3.75,2
1.0,1
1.0,1
4.5,2
2.5,1
3.1333333333333333,15
4.0,1
3.909090909090909,11
2.5,1
5.0,1
4.0,1
4.333333333333333,3
3.6666666666666665,3
4.25,2
3.5,1
3.5,1
2.25,4
3.921875,32
3.5,1
4.0,1
2.0,1
3.2142857142857144,7
3.9,5
5.0,1
1.75,2
1.0,1
3.5,2
3.25,8
4.0,1
4.333333333333333,6
2.8333333333333335,9
4.5,1
3.5833333333333335,6
2.5,1
3.107142857142857,14
3.1,5
5.0,1
3.7222222222222223,18
4.5,1
3.0,1
3.625,4
1.5,3
4.25,8
3.3,5
3.5,1
0.5,1
4.0,1
3.0,1
3.0,1
3.5,2
4.0,1
3.0,1
3.7857142857142856,7
2.3333333333333335,3
5.0,1
3.5,2
3.392857142857143,14
4.0,1
4.0,1
3.7,65
4.25,2
4.0,1
3.6666666666666665,3
3.984375,32
3.0,1
3.1808510638297873,47
3.8333333333333335,3
3.5689655172413794,29
3.6176470588235294,34
3.8125,8
2.5,1
3.4285714285714284,7
3.7222222222222223,9
3.32,25
3.0,1
2.5,1
4.5,2
4.0,1
2.0,1
3.5,1
2.0,2
3.3333333333333335,3
2.5,1
4.5,1
3.25,2
4.0,1
3.0,1
3.0,1
4.0,1
3.75,2
3.75,2
3.0,1
2.5,2
4.5,1
4.0,4
2.3,10
4.25,2
3.5,2
3.5,1
0.5,1
2.25,2
2.25,2
4.25,2
3.975,20
5.0,1
3.5,4
2.0,2
4.5,1
1.0,1
4.166666666666667,3
4.75,2
4.0,3
2.0,1
2.5,1
2.75,2
4.0,1
4.5,1
4.0,1
4.203703703703703,27
4.0,2
4.5,1
3.2291666666666665,24
4.5,1
2.1666666666666665,3
3.24,25
2.5,1
1.0,1
3.25,2
0.5,1
3.0,1
3.5,1
3.6578947368421053,19
5.0,1
4.0,1
4.0,2
4.0,1
3.6666666666666665,3
2.5,1
3.5,1
5.0,1
3.0,2
2.1666666666666665,3
3.0,1
4.0,1
3.4444444444444446,9
3.269230769230769,13
3.0,1
4.0,1
0.5,1
3.5,1
1.5,1
2.0,1
4.0,1
3.5,1
4.25,2
2.0,2
5.0,1
2.5,1
2.1666666666666665,6
3.5,1
2.0,1
3.0,1
3.0,1
3.5,2
3.5,2
4.0,1
4.0,1
3.0,1
3.25,2
3.0,1
5.0,1
3.0,1
4.0,1
5.0,1
5.0,2
4.0,2
4.0,1
4.0,2
3.95,80
4.0,1
3.1,5
3.0625,8
4.0,1
1.0,1
3.0,1
3.0,2
4.0,1
3.5,1
4.5,1
4.25,2
4.5,2
0.5,1
3.0,3
2.75,2
4.0,1
4.333333333333333,6
3.0,1
4.0,1
3.2941176470588234,34
3.5,1
2.0,2
3.5,1
4.5,2
3.5,2
3.642857142857143,7
1.0,1
2.95,10
1.8333333333333333,3
4.0,48
4.0,7
3.0,1
4.0,1
4.0,1
3.5,1
3.75,4
3.629032258064516,62
2.75,2
2.25,2
3.0,1
3.0,2
2.5,1
3.2857142857142856,28
3.5,1
3.8333333333333335,6
3.1666666666666665,3
3.5789473684210527,19
3.75,4
3.5,1
3.1020408163265305,49
1.5,3
2.5,2
1.0,1
4.0,1
3.5,1
3.857142857142857,105
2.25,2
4.0,1
2.5,2
3.3,5
2.2142857142857144,7
3.5,1
2.7,5
2.5,1
4.25,4
4.0,1
4.0,1
2.5,1
3.0,2
2.85,40
3.888888888888889,9
2.0,1
2.6666666666666665,3
2.533333333333333,15
4.0,5
3.5476190476190474,42
4.25,2
3.0,1
2.75,2
3.159090909090909,22
3.3333333333333335,3
3.3333333333333335,3
4.5,2
3.4583333333333335,12
2.125,4
3.0,1
4.0,6
3.5,1
3.0,1
3.7875,40
4.5,1
3.6,15
2.5,2
2.25,2
4.0,2
1.5,2
3.6,5
2.5,4
4.0,1
3.75,10
3.75,2
3.0,1
3.0,1
3.6470588235294117,51
3.5,7
3.0,1
3.0833333333333335,6
2.0,1
1.5,1
2.5454545454545454,11
2.5,1
3.4444444444444446,18
3.0,14
3.0625,8
4.083333333333333,6
3.6774193548387095,31
2.5,1
3.2857142857142856,7
3.0,1
3.8125,8
5.0,1
2.75,2
3.75,4
1.0,1
2.2,5
3.25,2
3.4,5
2.5384615384615383,13
4.0,2
2.5,1
3.25,2
2.4545454545454546,11
3.738095238095238,21
3.65,10
3.625,20
3.0,1
3.5,1
3.9210526315789473,19
3.0,1
3.3125,8
3.25,2
3.0,1
4.333333333333333,3
3.75,28
3.793103448275862,29
4.166666666666667,3
3.5,1
4.4,5
3.125,4
3.5,10
3.25,2
2.0,1
3.0,1
3.6206896551724137,29
3.75,2
4.0,1
3.8518518518518516,27
3.25,2
3.0,3
3.0,1
0.5,1
4.333333333333333,3
5.0,1
2.5,1
4.5,1
3.125,4
3.1666666666666665,3
3.25,18
3.5,1
3.4,5
4.5,1
3.5,1
4.0,2
4.0,1
4.5,2
5.0,1
3.5,13
2.3333333333333335,6
4.75,2
4.333333333333333,3
4.5,1
3.0,1
4.25,2
3.6875,16
2.0,1
3.25,4
3.725,20
3.0,2
3.857142857142857,7
3.8813559322033897,59
2.5,1
3.880952380952381,42
2.9,5
2.5,1
2.875,4
3.5,1
4.0,1
1.75,2
3.8333333333333335,3
3.5,16
4.0,1
4.666666666666667,3
3.4591836734693877,49
3.282608695652174,23
3.3181818181818183,11
5.0,1
3.5,1
3.25,4
3.0,1
3.75,2
4.5,1
3.6875,24
2.8333333333333335,3
4.4,5
2.5,3
3.0,1
2.25,12
1.75,2
2.8333333333333335,3
4.25,2
4.5,1
3.1666666666666665,3
4.0,1
3.75,4
3.1666666666666665,3
4.5,1
3.5,1
3.75,4
1.0,1
2.625,8
3.5,3
3.0,1
3.0,1
3.25,2
3.5,3
3.1666666666666665,15
2.5,1
1.5,1
5.0,1
4.0,1
3.0,1
3.5,1
1.0,1
5.0,1
4.0,1
3.0,1
3.6666666666666665,3
3.0,1
3.5625,8
2.0,1
3.5,1
2.0,1
3.75,2
4.0,1
4.0,2
3.5,1
4.0,2
3.0,1
2.125,4
3.5,1
4.0,1
2.6666666666666665,3
3.0,1
2.5,1
3.5,1
4.0,1
3.0,2
1.6,5
4.0,2
2.142857142857143,7
3.5,2
2.0,1
2.888888888888889,9
2.9166666666666665,6
3.175,20
2.0,1
4.013698630136986,73
2.8333333333333335,3
3.9125,40
4.5,1
3.875,28
3.8,5
3.25,2
4.0,1
4.0,1
2.0,1
2.0,5
4.0,1
4.0,1
3.9324324324324325,37
4.0,2
2.5,1
3.5,1
4.0,4
3.84,25
3.0,1
3.45,10
3.8333333333333335,3
3.0,1
4.0,1
1.5,1
3.0,14
4.1,5
1.75,2
3.5,1
3.5,1
2.5,1
2.0,1
2.875,4
3.8333333333333335,6
4.0,1
3.25,4
2.25,4
2.875,4
4.5,1
3.5,1
3.75,2
3.3095238095238093,21
1.5,3
3.75,2
2.0,2
3.0,1
2.9,15
3.75,2
3.5,1
2.9857142857142858,35
3.3181818181818183,22
2.1,5
4.0,1
3.16,25
3.5,1
1.0,1
2.9285714285714284,7
3.125,4
2.55,10
4.0,1
3.142857142857143,21
3.4152542372881354,59
2.5,2
3.5,18
2.25,2
2.25,6
2.75,2
2.75,4
3.5,2
4.0,1
3.789473684210526,19
3.5,1
4.0,1
3.5,4
4.083333333333333,6
2.5714285714285716,7
1.25,2
4.5,1
2.6153846153846154,13
4.5,1
4.0,1
3.0,1
0.5,1
3.9078947368421053,76
3.5,1
3.5625,16
2.0,1
3.6666666666666665,3
3.5,1
1.75,2
4.0,1
3.25,4
2.75,10
2.75,4
3.0588235294117645,17
3.0555555555555554,18
2.0,3
3.6625,40
2.7,5
4.5,1
3.7916666666666665,24
4.0,1
2.75,4
4.5,1
4.25,2
1.5,1
3.142857142857143,7
4.0,2
3.75,2
3.0,1
4.0,2
3.5,1
1.0,1
3.25,4
2.5,1
4.0,1
2.75,6
3.5,1
3.25,2
3.0,1
3.590909090909091,11
3.0,1
3.727272727272727,33
3.4,5
2.6875,8
3.0,1
3.1,5
5.0,1
1.0,2
0.5,1
2.0,1
3.0,1
2.8333333333333335,3
3.0,1
4.0,1
3.1363636363636362,11
3.5833333333333335,6
4.0,1
3.125,12
4.5,1
3.2777777777777777,9
3.0,1
3.0,1
4.5,2
3.0,1
3.5,1
3.75,2
4.0,1
4.0,1
4.0,8
2.75,2
3.1666666666666665,6
3.272727272727273,44
3.673076923076923,52
3.0,1
4.5,1
4.2023809523809526,84
3.0,2
4.0,1
0.5,1
3.75,2
0.5,1
4.0,1
3.0,1
1.0,1
5.0,1
3.888888888888889,9
4.333333333333333,3
4.033333333333333,15
3.6666666666666665,3
3.25,4
3.627906976744186,43
4.125,52
3.875,4
5.0,1
3.5,1
3.5,1
3.3333333333333335,3
2.857142857142857,7
1.0,1
3.5,7
3.2222222222222223,9
1.0,1
4.0,3
3.0,2
3.5,1
4.0,1
3.877049180327869,61
2.1666666666666665,3
3.4615384615384617,13
5.0,1
3.5,1
3.269230769230769,13
4.0,1
3.5,1
3.5,2
3.5,4
3.0,2
2.25,2
4.04054054054054,37
3.5,2
2.1666666666666665,9
3.6,5
4.0,1
3.5,4
4.0,1
3.25,6
3.25,4
4.0,1
2.5,1
3.1666666666666665,3
4.5,3
3.5,2
2.25,2
4.5,1
3.0,1
4.045454545454546,11
2.0,1
4.0,1
3.0,1
3.0,3
4.5,1
4.0,1
2.0,1
3.5,1
4.0,1
3.0,1
2.625,4
4.75,2
3.0,1
4.375,4
3.5,3
5.0,1
4.5,3
4.5,3
2.5,1
3.5,4
1.5,2
3.25,2
2.25,2
1.5,2
4.0,1
3.75,4
3.983050847457627,59
3.625,4
3.0,2
3.75,2
4.0,1
2.2857142857142856,7
3.9,5
3.1875,8
3.1,5
4.0,1
4.0,1
3.5,1
4.5,1
4.0,1
2.5,1
3.761904761904762,42
4.5,2
0.5,1
4.0,1
1.75,2
4.0,1
3.5,5
1.0,1
5.0,1
3.925,20
1.5,2
3.559322033898305,59
3.0,1
3.5,3
4.0,2
3.0,1
3.25,2
3.0,4
2.75,2
3.0,1
4.0,1
4.214285714285714,7
2.5,1
2.0,1
3.5,2
3.142857142857143,14
3.6666666666666665,18
3.3125,8
4.0,2
3.409090909090909,11
2.5,1
3.8846153846153846,13
3.5,1
3.65,10
2.0,1
3.75,2
4.0,1
4.0,1
3.5,1
3.5,6
3.5,3
5.0,1
2.8333333333333335,3
3.375,4
4.5,1
2.25,2
3.0,1
3.5,1
2.717391304347826,23
2.5,1
4.5,5
4.0,1
4.090909090909091,11
4.0,1
4.0,1
4.166666666666667,9
3.625,4
3.3958333333333335,24
3.7777777777777777,9
3.4285714285714284,14
4.25,2
0.5,1
3.1153846153846154,13
3.8636363636363638,11
3.272727272727273,33
4.0,5
2.5,1
4.0,1
4.0,1
3.25,2
3.9,5
3.24,25
2.0,1
3.1666666666666665,3
4.0,2
2.75,2
1.9375,8
2.5,1
3.8333333333333335,3
3.6153846153846154,13
3.6666666666666665,6
0.5,1
4.5,2
5.0,1
2.9166666666666665,12
3.5714285714285716,7
3.642857142857143,7
3.5,25
2.75,2
1.6,5
3.225806451612903,31
2.5,1
3.75,38
2.7142857142857144,7
3.4,5
4.0,1
5.0,1
4.0,2
3.869565217391304,23
1.5,1
3.3378378378378377,37
3.6666666666666665,3
4.125,4
3.959016393442623,61
0.5,2
5.0,1
3.75,2
4.5,3
3.0,1
3.5,1
3.7386363636363638,44
4.0,1
2.3333333333333335,3
2.8333333333333335,3
4.5,1
4.0,4
3.5,1
0.5,1
3.0,2
3.5,1
2.5,1
4.0,1
4.0,1
4.222222222222222,9
0.5,1
3.6785714285714284,14
4.0,20
3.875,4
4.5,1
3.8333333333333335,9
4.25,2
4.375,4
3.0,1
4.0,1
3.5,4
4.0,1
3.75,2
4.0,1
3.710526315789474,19
4.0,1
2.375,4
4.0,1
2.875,8
3.25,2
3.629032258064516,31
2.75,2
4.25,2
2.5,1
2.25,2
3.5833333333333335,6
3.7857142857142856,21
4.0,2
4.5,3
3.8333333333333335,12
3.6666666666666665,15
3.142857142857143,7
3.7857142857142856,14
2.5,1
3.3333333333333335,3
3.0,1
4.0,9
2.0,4
4.2,5
3.5,1
5.0,1
4.0,1
2.9166666666666665,6
3.0,1
3.0,1
3.0,1
3.875,8
2.0,1
2.5,1
3.4545454545454546,22
2.857142857142857,7
3.4,5
3.9,5
4.010204081632653,49
2.8125,8
3.5,1
3.0,2
3.5,1
3.9166666666666665,6
2.5,8
3.25,2
2.75,4
3.5,1
2.5,1
1.0,1
3.0,1
3.625,8
3.7333333333333334,15
2.5,3
3.75,2
3.2,5
3.1904761904761907,42
1.8333333333333333,3
3.8333333333333335,9
4.0,1
3.5,4
3.75,2
1.0,1
3.875,4
3.8541666666666665,72
3.75,2
3.625,12
4.25,2
4.5,1
4.0,5
3.3157894736842106,19
3.357142857142857,7
4.153846153846154,26
3.857142857142857,7
1.875,4
3.75,2
5.0,1
3.0,2
4.0,1
2.5,1
3.8333333333333335,3
3.625,4
3.125,16
5.0,1
0.5,1
4.333333333333333,3
3.3333333333333335,3
2.5,2
4.25,2
3.210526315789474,19
3.75,2
3.5,1
3.5,1
3.0,2
3.8333333333333335,6
2.5,1
3.5833333333333335,6
1.3333333333333333,3
3.3055555555555554,18
3.9473684210526314,38
3.5,1
4.5,1
2.5,1
3.0,1
4.0,1
3.0,1
2.272727272727273,11
4.0,1
3.9166666666666665,6
3.25,6
2.75,2
1.0,1
0.5,1
3.75,4
2.5,6
4.25,2
1.5,8
3.590909090909091,11
2.5,1
3.375,8
4.0,2
4.2,5
3.1666666666666665,3
2.25,2
3.75,6
4.166666666666667,3
4.0,1
3.5,1
4.5,1
3.0,1
4.5,1
3.5,1
4.235537190082645,121
3.75,2
5.0,1
1.5,1
4.0,1
3.8055555555555554,18
3.25,2
3.8333333333333335,3
3.0,1
3.5,1
3.0,1
2.5,2
2.5,1
3.2954545454545454,22
2.125,4
3.0,2
4.2,5
2.9166666666666665,6
2.5,2
2.6666666666666665,3
4.0,3
4.0,5
3.5,2
3.0,1
4.0,1
3.5,1
5.0,1
4.0,2
4.026666666666666,75
3.0,4
4.5,1
3.467741935483871,31
3.9545454545454546,11
5.0,1
3.75,2
2.75,6
3.25,2
5.0,1
3.2,10
3.5,1
5.0,1
2.0,1
2.6666666666666665,3
2.5625,24
3.0,1
5.0,1
4.0,1
3.4,5
3.25,2
4.5,2
3.803030303030303,33
4.0,1
4.0,2
4.5,1
3.0,1
0.5,1
3.5,1
2.3333333333333335,12
3.5,1
3.0,1
3.5,1
3.8333333333333335,3
2.3333333333333335,6
3.176470588235294,17
3.7039473684210527,76
2.7222222222222223,18
2.8947368421052633,19
4.0,1
3.1923076923076925,13
4.0,1
4.0,1
0.5,1
4.0,5
4.0,1
3.375,4
3.5,1
4.25,4
2.5,1
3.8333333333333335,3
5.0,1
3.3333333333333335,6
2.5,1
3.5,5
2.75,2
2.5,1
4.0,1
1.0,1
5.0,1
3.6538461538461537,26
3.6666666666666665,3
3.7857142857142856,14
3.5,2
3.3333333333333335,3
3.8333333333333335,3
3.0,1
4.0,1
2.3333333333333335,3
3.6666666666666665,3
3.2083333333333335,12
0.5,1
5.0,1
3.522727272727273,22
4.0,1
3.8333333333333335,3
3.0,1
3.0,3
3.4210526315789473,19
2.6666666666666665,3
4.5,1
4.5,1
2.5,1
4.25,4
3.7777777777777777,9
3.375,4
5.0,1
2.5,1
3.783333333333333,30
0.5,3
2.25,2
3.8333333333333335,3
4.25,2
3.0,1
2.75,2
3.0,1
0.5,1
3.5,1
4.0,1
1.5,1
3.25,4
4.5,1
3.375,4
3.25,2
5.0,1
3.2857142857142856,7
4.0,2
3.0,3
4.5,1
4.25,4
3.5,4
3.9,5
3.75,2
3.0,1
3.5,1
1.3333333333333333,6
3.269230769230769,13
3.8333333333333335,3
3.8333333333333335,3
3.25,2
4.5,1
1.5,3
4.5,1
3.5,1
4.0,1
3.55,10
3.0,3
3.9166666666666665,6
3.1875,8
3.6666666666666665,6
3.375,4
3.7596153846153846,52
3.1470588235294117,17
3.4285714285714284,14
4.5,1
2.5,2
3.75,2
1.75,2
3.3333333333333335,3
3.5,1
2.0,1
3.5,2
0.5,2
4.0,1
3.6666666666666665,3
3.0,1
5.0,1
3.125,4
3.409090909090909,11
3.6363636363636362,11
2.5384615384615383,13
2.0,2
1.5,1
4.0625,8
4.5,1
1.0,1
1.0,1
4.166666666666667,3
3.5,1
3.25,2
5.0,1
3.75,4
4.5,1
2.5,1
2.5,6
4.5,2
4.5,2
1.0,1
3.1,5
3.8333333333333335,36
3.85,10
3.25,4
5.0,1
3.0,1
3.0,3
4.045454545454546,11
3.9705882352941178,17
4.0,1
3.6333333333333333,30
3.1538461538461537,13
3.357142857142857,7
3.0,1
3.75,2
2.5,1
5.0,1
4.0,1
3.75,2
3.5,6
3.75,2
3.25,2
3.6,5
4.0,1
5.0,1
2.8,5
4.0,1
4.178571428571429,14
3.0,1
2.5,1
3.0,2
3.9583333333333335,12
3.5,1
2.5,1
1.5,1
2.1,5
2.5,1
4.0,1
4.125,4
4.0,1
3.142857142857143,7
3.0,1
0.5,2
3.1666666666666665,3
2.5,2
0.5,1
3.75,2
3.7916666666666665,12
2.5,2
3.0,4
2.5,3
2.5,1
3.125,8
2.5,2
3.5833333333333335,6
2.0,1
3.5,2
2.25,2
4.2,5
3.5,1
2.5,5
3.0,1
1.5,1
0.5,1
4.2,5
3.5,1
4.0,1
4.0,1
4.0,1
1.0,1
3.0,1
3.625,16
3.888888888888889,9
2.6666666666666665,3
2.7142857142857144,7
3.3333333333333335,3
3.5714285714285716,14
3.625,4
4.5,1
2.0,1
3.3,5
4.0,1
5.0,1
4.75,2
3.125,4
2.5,2
3.142857142857143,14
3.0,4
2.5,1
2.0,1
3.2,5
3.75,2
4.1,10
3.9,10
4.5,1
3.6818181818181817,11
2.0,1
4.135593220338983,59
3.857142857142857,7
3.75,2
2.75,4
4.125,28
4.166666666666667,3
2.911764705882353,17
1.0,1
4.5,2
3.8333333333333335,51
3.0,1
4.0,1
4.0,1
3.2,15
2.5,1
3.375,4
3.3846153846153846,13
2.8,5
4.5,1
4.25,4
3.5,6
4.0,1
0.5,1
3.5,2
2.0,1
3.5,1
3.5,3
3.942622950819672,61
2.5,1
0.5,1
4.0,1
3.6666666666666665,3
1.5,1
3.6136363636363638,44
3.6,5
2.5,1
3.0,1
2.25,2
2.75,2
4.0,1
2.388888888888889,9
3.0,6
1.0,2
3.5,2
4.134615384615385,26
3.0,1
4.25,2
3.75,4
2.625,12
4.0,1
4.0,1
2.75,2
3.1,5
3.642857142857143,7
3.3333333333333335,6
4.0,1
3.0,1
2.875,4
1.5,1
2.5,1
3.7555555555555555,45
5.0,1
2.375,4
3.25,2
1.5,1
4.068965517241379,29
4.5,1
4.0,1
2.5,1
3.4285714285714284,7
0.5,1
0.5,1
4.0,1
3.625,4
2.5,1
3.5,1
3.5,1
4.009433962264151,53
3.7857142857142856,7
2.5,1
2.4166666666666665,6
3.5,1
3.0,1
4.0,1
3.5,1
3.3,5
2.0,1
3.0,3
3.5,2
2.5,1
2.5,3
3.5,1
4.5,1
1.75,2
3.5,2
2.5,1
5.0,1
2.0,2
3.1666666666666665,3
4.5,1
3.0,1
0.5,1
3.5,1
3.5,1
3.7142857142857144,7
3.4166666666666665,6
4.0,1
3.75,4
4.333333333333333,3
3.5,1
3.857142857142857,7
3.625,8
5.0,1
3.5,2
3.0555555555555554,9
2.625,4
2.1666666666666665,3
2.875,4
3.6666666666666665,9
3.1666666666666665,3
2.25,2
2.5,1
2.9285714285714284,7
5.0,1
4.0,1
4.333333333333333,3
4.5,1
3.5,1
1.0,1
4.1,5
3.230769230769231,13
3.875,4
2.5,2
2.5,1
4.0,1
3.1666666666666665,3
2.9285714285714284,7
3.0,1
3.0714285714285716,7
3.0,1
3.635135135135135,37
1.5,1
3.5833333333333335,6
4.5,1
4.0,1
2.0,1
1.5,1
2.8333333333333335,3
3.0,6
5.0,1
2.5,1
2.0,1
2.5,1
3.5833333333333335,6
0.5,1
3.9,10
3.480769230769231,26
2.5,2
3.0,1
4.0,1
3.25,2
4.0,1
3.0,2
3.25,2
4.083333333333333,6
3.0,1
2.75,4
2.5,2
4.021739130434782,23
4.0,1
4.0,1
4.75,2
4.5,1
2.411764705882353,17
3.5,1
3.75,2
4.0,2
2.9166666666666665,6
2.1666666666666665,3
2.0,2
3.5,1
2.8,5
3.0,1
3.0,1
2.5,1
3.0,1
3.5,1
3.8947368421052633,19
4.5,1
4.0,1
2.0,1
1.5,1
2.75,2
3.5,3
3.0,4
3.75,2
2.9,5
3.5,1
2.5,1
4.5,1
4.0,1
2.5,1
4.0,1
3.6417910447761193,67
2.375,4
3.875,40
3.7857142857142856,7
2.25,2
4.0,1
2.1666666666666665,3
2.5,1
3.75,2
3.6,5
3.3333333333333335,9
3.0,1
4.5,5
3.0,2
3.588235294117647,17
3.5,2
4.416666666666667,6
1.5,1
3.5,1
3.0,1
2.5,1
4.0,1
3.0,1
4.75,2
3.0,1
2.0,1
4.0,1
4.5,1
3.5,1
3.0,1
3.875,4
2.375,4
5.0,1
2.0,1
4.5,2
3.5,3
2.0,1
3.2,5
3.875,4
4.25,2
4.166666666666667,3
0.5,1
3.0,1
4.25,2
2.0,1
3.75,2
2.8333333333333335,3
3.7941176470588234,51
3.8333333333333335,3
4.0,1
3.8333333333333335,3
3.5,3
2.6666666666666665,6
3.25,8
3.25,2
3.5,1
3.0,1
4.0,1
3.0,1
4.0,2
3.1666666666666665,3
2.0,2
2.0,1
5.0,2
3.5,2
5.0,1
3.0,1
3.125,20
3.2142857142857144,7
3.0,4
3.0,1
3.125,4
3.0,2
3.375,4
3.6666666666666665,3
2.25,2
2.5,1
4.5,1
1.5,1
2.125,4
3.1666666666666665,3
2.0,1
4.5,1
4.0,1
3.0,3
4.5,1
2.75,2
3.5,1
2.0,1
3.0,10
4.0,1
4.151515151515151,33
4.333333333333333,3
4.5,2
1.6666666666666667,3
3.5,2
3.6666666666666665,30
3.5,1
3.0,6
3.0,1
2.5,1
3.0,1
2.5,1
2.0,1
2.5,1
5.0,1
3.6666666666666665,3
3.0,1
3.375,4
4.0,1
3.0,2
1.25,2
5.0,1
3.9166666666666665,12
3.4655172413793105,29
4.416666666666667,6
2.5,1
3.6,5
2.5,1
4.0,1
4.0,2
4.125,4
2.75,4
4.5,1
3.3333333333333335,3
3.75,2
2.75,4
3.5,4
2.0,1
2.75,4
2.0,1
3.5,2
0.5,1
4.0,1
3.0,1
3.0625,8
3.5,1
2.0,1
2.0,2
3.5,2
1.0,1
3.1666666666666665,3
1.8333333333333333,3
2.8333333333333335,12
4.071428571428571,42
3.0,2
4.0,1
3.5833333333333335,6
2.8,5
3.5,1
3.5,1
2.25,2
1.75,2
3.0,1
4.5,2
1.5,2
5.0,1
4.0,1
4.0,1
4.25,4
4.0,1
3.1666666666666665,6
3.71875,16
4.04954954954955,111
3.0,5
4.5,1
4.0,2
4.0,1
2.8125,8
4.5,1
2.25,4
3.25,6
2.75,2
2.5,1
3.125,4
2.7083333333333335,12
2.5,1
4.0,1
4.166666666666667,3
2.5,5
5.0,1
3.75,4
3.5,1
2.5,1
3.4285714285714284,7
5.0,1
4.5,1
2.5,9
3.9615384615384617,26
3.25,2
3.5,1
4.0,2
3.5,1
2.75,2
3.5,1
4.5,1
3.5,1
3.0,4
2.75,2
3.0,1
4.5,1
4.0,6
3.0,2
3.5,1
0.5,2
3.125,4
3.9767441860465116,43
3.764705882352941,17
3.6785714285714284,14
2.5,2
5.0,1
2.5,1
4.5,1
3.75,2
2.0,1
4.5,1
2.0,1
4.0,6
5.0,1
3.25,2
1.5,1
4.5,1
3.25,4
5.0,1
1.0,1
3.25,2
2.0,1
4.0,1
3.1,5
3.25,2
3.95,10
3.0,1
3.5,3
3.5,1
4.0,1
3.75,2
4.0,1
2.5,1
3.75,4
3.3333333333333335,3
3.0,1
4.027777777777778,18
3.5,1
3.0,2
4.0,1
2.75,2
2.8,5
3.630434782608696,23
4.0,11
3.7794117647058822,34
3.5,1
2.5,1
3.0,6
2.7,5
4.25,2
4.166666666666667,3
4.0,1
4.0,1
3.9242424242424243,33
3.925,40
3.6666666666666665,21
0.5,1
3.0,1
4.136363636363637,11
3.0,1
2.5,1
3.0,1
3.5,2
1.5,1
1.375,4
3.5,1
3.5,1
2.8333333333333335,3
3.625,4
2.5,1
2.4285714285714284,7
4.0,1
2.75,2
3.840909090909091,22
2.8846153846153846,13
3.5,2
3.25,2
4.166666666666667,3
3.0,1
5.0,1
3.875,4
2.3333333333333335,6
1.75,4
3.5,1
3.0,1
1.0,1
3.5,1
3.75,6
3.875,8
2.0,1
1.0,1
3.5,1
5.0,1
4.0,1
4.0,1
2.1875,8
5.0,1
3.5,1
2.5,2
5.0,1
3.0,1
4.0,1
3.5,1
2.3125,8
3.75,2
4.0,1
4.5,1
2.25,2
4.0,2
3.5,1
4.0,1
3.8157894736842106,19
4.0,1
3.5,1
3.75,6
4.0,1
3.5,1
1.0,1
2.9375,8
3.5,10
2.5,1
5.0,1
3.5,1
3.5,5
3.0,4
1.5,1
4.0,1
2.8125,8
4.1,5
4.0,2
3.7142857142857144,7
2.5,1
4.25,2
3.2916666666666665,12
3.5,1
3.5,1
2.7,5
2.75,2
2.6666666666666665,3
2.3125,8
4.0,4
4.0,1
2.5,1
4.0,1
4.1,5
2.6666666666666665,3
4.5,1
1.5,2
1.0,1
3.5,3
3.625,4
4.020833333333333,24
3.75,2
2.1666666666666665,6
2.5,1
3.5,1
4.0,4
4.111111111111111,9
3.0,1
3.5,4
2.25,2
3.4166666666666665,6
4.75,2
3.0,1
2.0,1
1.0,1
3.3,5
3.0,8
3.5,1
2.75,4
3.1,5
4.0,6
3.357142857142857,14
4.25,6
4.25,6
4.5,9
5.0,1
4.5,3
4.25,2
2.5,1
4.0,1
2.5,5
3.0,1
4.0,3
5.0,1
3.4375,8
2.0,4
3.0,1
4.0,1
2.65,10
3.9285714285714284,21
4.0,1
3.0,1
3.5,1
2.5,12
2.0,1
3.6666666666666665,3
1.5,1
3.5,1
3.8333333333333335,6
3.982142857142857,28
3.75,2
2.875,4
3.0,3
3.375,12
3.0,1
2.4,10
1.5,1
2.0,1
2.25,8
2.7222222222222223,9
2.75,2
1.3333333333333333,3
3.0,1
4.5,1
2.0,1
2.909090909090909,11
1.5,4
3.5,1
2.0,1
3.0,1
2.5,1
3.5,1
4.0,1
4.220588235294118,34
3.9,15
3.659090909090909,22
3.6785714285714284,14
4.25,2
4.0,1
3.25,2
2.0,1
4.0,1
2.0,3
3.5,1
3.111111111111111,9
3.6666666666666665,3
4.0,2
3.7916666666666665,24
2.6666666666666665,3
4.0,15
3.0833333333333335,6
2.5,1
1.0,1
0.5,1
1.5,1
3.5,1
2.75,2
3.8333333333333335,3
4.5,1
3.5,1
3.5,1
4.5,1
2.3333333333333335,3
1.5,1
2.0,1
2.5,2
3.0,1
4.0,1
4.0,1
3.5,1
4.0,1
2.0,1
3.0,1
3.5,3
3.5,1
1.0,2
3.0,1
1.5,1
3.5,8
3.78125,16
3.5,1
4.010869565217392,46
3.5,1
4.3,5
3.5,1
3.9,5
3.9444444444444446,9
3.25,2
2.0,3
3.6923076923076925,13
4.5,1
4.0,1
3.8333333333333335,6
4.0,1
5.0,1
3.0,3
2.75,2
2.5,1
3.5,1
4.0,1
3.2,5
3.5,5
3.0,1
3.388888888888889,9
4.166666666666667,3
4.25,2
3.25,6
2.3333333333333335,3
2.0,1
2.0,1
3.642857142857143,7
4.25,2
4.166666666666667,3
2.5,1
2.5,4
3.0,2
3.0,2
1.5,1
3.357142857142857,7
4.5,1
3.3,15
0.5,1
2.75,2
1.5,2
4.0,1
3.8,5
3.6666666666666665,3
2.5,2
3.5,1
3.0,1
3.0,1
3.75,2
1.5,1
4.0,1
1.5,1
2.0,1
3.5,1
3.0,1
1.5,1
2.0,2
3.0,4
2.5,1
3.3815789473684212,38
1.0,1
3.6875,48
2.857142857142857,7
3.769230769230769,26
4.0,1
2.5,1
2.0,1
2.5,1
1.75,2
3.7222222222222223,9
3.5,5
3.8125,16
1.5,2
5.0,1
1.5,1
5.0,1
2.375,4
3.0,1
1.5,1
4.0,1
3.5,1
2.5,1
3.5,1
2.6666666666666665,3
2.0,2
4.5,2
4.0,1
3.0,2
2.5,1
2.0,2
4.0,1
2.0,1
2.0,1
5.0,1
2.5,1
4.166666666666667,27
2.0,2
2.5,2
3.2,10
4.0,1
2.0,1
5.0,1
2.5,1
2.5,1
3.125,4
4.0,1
4.5,5
4.0,1
2.5,1
2.5,1
3.5,1
4.0,1
2.5,1
1.0,1
3.0,1
4.0,1
4.666666666666667,3
4.5,1
1.5,1
4.5,1
1.6666666666666667,3
2.0,2
3.25,2
5.0,1
5.0,1
2.9,5
2.9375,8
4.0,2
3.0,1
4.166666666666667,3
4.0,1
4.0,14
3.375,4
1.5,1
4.0,1
4.0,1
3.75,4
1.0,2
3.5,1
2.3333333333333335,3
4.083333333333333,6
3.6538461538461537,13
4.5,2
1.5,1
2.0,1
1.5,1
2.3333333333333335,3
2.5,7
4.5,1
3.5,3
2.75,2
3.0,2
4.0,1
3.7142857142857144,7
2.25,6
1.0,1
2.5,1
2.0,1
3.5,4
3.1923076923076925,13
2.0,5
4.0,1
2.8333333333333335,3
3.125,16
3.5,2
2.5,1
4.5,1
4.5,1
2.0,2
3.7115384615384617,26
2.5,1
4.166666666666667,6
1.75,2
5.0,1
4.5,1
4.0,2
3.5,1
3.0,1
3.576923076923077,13
3.0,1
2.25,2
3.0,1
1.75,2
2.6,5
3.6666666666666665,3
3.3333333333333335,3
5.0,1
3.0,1
5.0,1
2.95,10
0.5,1
3.3333333333333335,3
3.5,1
4.5,1
4.5,1
3.5,1
3.325,20
3.0,1
3.3,5
4.5,1
2.75,2
3.5,1
2.5,3
0.5,1
2.5,1
4.5,1
4.0,1
3.5,1
3.5,1
4.5,4
3.8333333333333335,3
2.7222222222222223,9
3.5,1
3.5,1
4.5,1
4.0,1
3.5,1
4.0,1
5.0,1
3.9375,24
2.6666666666666665,6
2.0,1
2.0,1
3.0,3
3.5,1
4.0,1
2.5,2
3.0,2
2.5,2
4.25,2
3.75,4
2.0,1
2.5,1
3.5,2
1.5,1
3.9285714285714284,7
2.5,1
4.0,2
3.5,20
2.25,2
1.0,1
4.5,2
2.5,1
2.0,1
1.5,1
4.0,4
3.2,10
3.5,1
4.0,3
3.0,1
3.9285714285714284,14
4.25,6
5.0,1
3.0,1
2.375,4
1.5,1
4.0,1
4.5,2
5.0,1
2.5,1
2.75,2
3.2,5
5.0,1
3.5,1
3.9473684210526314,19
4.0,9
3.0,1
3.5,1
4.0,1
1.5,1
3.5,1
3.5,1
4.5,2
2.0,2
4.5,1
3.4285714285714284,14
2.0,1
4.0,1
5.0,1
1.75,2
2.0,1
3.0,4
4.0,4
4.0,1
3.5,1
3.526315789473684,19
3.6818181818181817,22
3.3333333333333335,9
3.0,2
3.772727272727273,22
4.5,2
3.5,1
4.0,1
3.5,3
2.5,2
2.25,2
4.3,5
5.0,1
3.4285714285714284,7
1.5,1
1.5,1
3.5,1
3.3,5
3.0,1
2.0,2
3.0,1
4.0,1
2.0,1
3.5,1
4.75,8
3.0,1
5.0,1
4.0,1
3.75,2
3.0,1
5.0,1
4.0,1
3.0,1
3.52,25
4.0,1
2.0,1
1.5,1
4.0,1
5.0,1
3.590909090909091,11
5.0,1
1.5,1
3.2142857142857144,7
5.0,1
2.5,1
4.0,1
2.5,1
2.9375,8
3.977272727272727,44
2.125,4
4.0,4
3.3333333333333335,6
3.0,1
2.5,1
2.5,1
2.5,1
2.0,1
2.0,1
2.0,1
3.0,2
2.5,1
1.5,1
3.0,1
4.5,1
4.0,1
2.5,1
4.0,1
3.375,4
3.5,1
5.0,2
4.5,1
4.0,1
4.0,3
4.0,1
3.0,1
2.5,1
2.0,1
3.0,1
3.0,1
2.0,1
4.0,1
1.5,2
4.5,1
3.5,2
2.25,2
1.5,1
4.0,1
3.0,1
2.5,1
2.5,1
2.5,1
3.5,8
1.5,1
3.5,1
2.25,2
1.875,4
3.0,1
4.0,1
5.0,1
4.125,4
2.3333333333333335,3
3.8333333333333335,3
2.25,2
4.5,1
2.5,2
3.0,1
2.5,2
2.0,1
3.0,1
1.625,4
3.125,4
2.5,1
3.1666666666666665,3
1.5,1
3.1,5
2.75,2
3.9,5
2.0,1
1.75,2
1.6666666666666667,3
2.1666666666666665,3
4.0,2
5.0,1
3.2,15
1.5,1
3.1666666666666665,3
3.5,1
3.5,1
5.0,1
3.0,3
3.5,12
3.5,21
2.0,1
3.7,5
5.0,1
4.5,1
2.0,1
1.5,1
3.5,1
2.875,4
3.775,20
2.8333333333333335,3
4.0,1
5.0,1
4.0,1
2.0,4
3.25,2
3.0,2
5.0,1
1.0,1
3.625,4
3.6666666666666665,3
1.2,5
3.1,10
3.0,1
3.75,6
2.0,1
2.9545454545454546,11
3.6666666666666665,3
4.0,1
3.0,2
3.5714285714285716,7
3.5,1
2.5,1
3.125,16
3.875,4
2.6875,16
2.892857142857143,14
3.5,2
3.25,2
3.375,8
2.0,3
3.55,10
1.8333333333333333,3
2.1666666666666665,3
4.5,2
1.5,1
3.75,2
2.0,1
1.5,1
3.875,4
1.1666666666666667,3
3.5,1
2.5,1
2.875,4
5.0,1
2.5,1
3.0,6
2.5,2
3.0,5
2.5,1
3.0,1
2.0,1
2.6666666666666665,3
3.75,2
2.0,1
4.333333333333333,3
3.0,1
1.5,1
4.0,1
5.0,1
2.0,1
3.0,2
2.5,2
2.3333333333333335,3
2.9,5
2.5,1
3.0,1
4.5,4
3.0,2
3.0,1
2.5,1
4.0,1
4.0,1
4.033333333333333,15
4.5,1
3.5,1
3.5,1
4.0,1
4.0,1
3.5,1
1.5,1
3.0,1
4.0,1
1.0,1
3.7413793103448274,29
4.0,2
3.4,10
4.0,1
2.5,1
4.363636363636363,11
3.6666666666666665,3
4.25,2
2.0,1
1.0,1
4.375,4
3.5,2
3.2,5
4.25,2
3.0,1
1.5,1
4.5,2
4.0,1
4.0,1
4.2,10
2.0,1
4.0,2
2.0,1
3.5,2
1.3333333333333333,3
3.0,1
4.5,1
3.9583333333333335,12
3.25,2
3.409090909090909,11
3.5,1
4.5,1
4.0,1
3.0,2
3.1818181818181817,11
3.880952380952381,21
1.0,1
4.0,1
3.0,1
3.0,1
1.75,2
3.6666666666666665,3
2.5,1
3.0,1
4.083333333333333,6
4.25,2
3.5,1
5.0,1
3.5,1
3.2884615384615383,26
3.909090909090909,22
2.6666666666666665,3
4.0,1
1.5,1
3.8,5
4.041666666666667,12
4.0,1
3.75,8
4.120689655172414,29
3.5,1
3.0,1
3.5,1
1.5,1
3.375,16
3.5714285714285716,7
4.08,25
4.0,1
3.0,1
3.5,4
4.5,1
4.5,2
3.25,8
4.0,1
2.7222222222222223,9
3.0,1
3.5714285714285716,7
5.0,1
5.0,1
3.5,1
5.0,1
5.0,1
5.0,1
1.5,1
2.5,1
3.5,3
4.5,1
2.0,1
3.0,3
5.0,1
3.5,1
2.0,1
3.5,1
2.0,2
2.3333333333333335,3
2.727272727272727,11
4.0,1
1.5,1
2.5,1
4.5,1
3.0,1
3.0,1
4.166666666666667,3
2.0,1
0.5,1
5.0,1
1.5,1
4.166666666666667,3
2.25,4
4.0,1
3.5,1
2.3333333333333335,3
4.076923076923077,13
2.3333333333333335,6
2.5,1
4.3,5
4.0,4
2.0,1
4.0,1
4.0,1
4.0,1
1.75,4
1.5,1
4.0,1
5.0,1
2.0,1
2.5,1
4.0,1
1.5,1
4.0285714285714285,35
3.0,1
4.151162790697675,43
1.5,1
3.5833333333333335,6
2.1,5
2.5,1
3.0,1
4.5,1
3.0,1
3.1666666666666665,6
2.5,3
2.0,1
2.75,2
3.25,2
3.0,1
4.117647058823529,17
3.0,1
2.25,6
4.0,1
3.0,1
4.0,1
4.5,1
3.0,1
4.0,1
3.8333333333333335,3
2.5,6
4.5,1
2.8333333333333335,3
2.5,1
4.5,1
2.5,2
2.111111111111111,9
2.5,1
4.5,1
2.0,2
4.0,1
1.5,1
1.5,1
5.0,1
3.25,2
3.125,4
2.5,1
3.5,1
2.2857142857142856,7
3.7916666666666665,24
2.9285714285714284,7
3.75,2
3.3333333333333335,6
2.0,1
3.8333333333333335,3
2.1666666666666665,3
3.7,5
3.5,1
3.25,6
1.5,1
1.5,1
2.8333333333333335,3
3.9423076923076925,26
3.5714285714285716,7
3.25,2
3.0,1
3.9166666666666665,6
2.0,1
2.0,1
4.0,1
4.0,1
2.0,1
3.875,8
2.6,5
4.125,8
3.8,15
1.5,1
3.357142857142857,7
1.5,1
3.5,1
2.1,5
4.5,1
4.166666666666667,3
2.0,1
2.0,2
1.0,1
3.75,6
3.875,28
3.72,25
5.0,1
4.0,1
3.5,8
4.0,1
2.5,1
2.5,1
4.5,1
2.0,1
4.0,1
1.25,2
3.0,2
2.5,2
2.5,1
3.9864864864864864,37
3.5,1
2.75,2
4.0,1
2.25,2
3.75,2
3.0,1
4.0,1
3.0,1
3.0,1
3.5,2
3.5,1
1.5,2
2.1666666666666665,3
2.1666666666666665,3
1.5,1
2.3333333333333335,3
3.5,1
3.0,1
3.0,1
2.5,1
2.75,2
2.5,3
3.0,1
3.5,3
3.8333333333333335,3
3.5,1
4.333333333333333,3
2.5,1
3.5,3
3.0,4
4.0,1
3.5,1
2.857142857142857,7
3.5,1
4.0,2
5.0,1
4.5,1
2.75,2
4.0,2
2.7777777777777777,9
3.25,2
3.5,1
1.5,1
2.0,1
3.5,1
2.5,1
2.0,1
3.4,5
4.375,4
4.0,1
3.45,10
2.0,1
3.1666666666666665,3
3.5,1
3.75,8
3.5,2
3.75,2
3.5,1
2.0,1
3.9615384615384617,13
4.095238095238095,21
3.0,1
4.5,1
3.5,2
3.9423076923076925,26
3.5,1
2.0,2
4.0,1
4.0,1
2.5,1
2.6666666666666665,3
1.5,1
3.75,2
3.0,1
1.5,1
1.5,1
4.0,2
4.109375,32
2.1666666666666665,3
2.9,10
2.5,1
4.0,1
2.0,1
4.666666666666667,3
0.5,1
2.6666666666666665,3
1.5,1
2.5,1
3.0,1
3.0,1
3.6666666666666665,12
4.75,2
1.5,1
3.75,2
3.5,1
3.0,1
3.4444444444444446,9
3.5,3
2.0,1
1.5,1
3.0,1
3.1666666666666665,3
3.5,1
4.0,1
1.5,1
2.5,1
2.0,1
2.0,1
3.0,1
5.0,1
3.1,10
2.5,1
2.0,1
4.0,1
5.0,1
4.0,1
3.5,3
2.75,2
3.25,2
2.625,4
2.0,1
3.0,6
3.6538461538461537,13
3.25,2
1.0,1
2.5,1
2.6666666666666665,6
1.0,1
1.75,2
2.5,1
2.9285714285714284,7
5.0,1
4.5,1
1.0,1
5.0,1
3.0,1
4.0,6
4.5,1
3.0,1
1.5,1
3.7903225806451615,31
3.5172413793103448,29
5.0,1
4.0,3
3.8846153846153846,13
3.7941176470588234,17
2.0,6
3.388888888888889,18
3.5714285714285716,7
3.0,3
2.0,1
3.0,1
2.0,1
0.5,1
3.5,1
3.5,1
1.5,1
5.0,1
3.0,1
5.0,1
2.5,1
4.0,1
5.0,1
4.0,1
4.0,1
2.1666666666666665,3
4.25,4
3.5,1
4.5,1
3.5,1
2.0,1
3.125,4
4.0,3
3.0,1
2.0,1
1.5,1
5.0,1
4.0625,8
3.5,2
2.0,2
1.0,1
4.5,1
4.0,1
5.0,1
5.0,1
4.0,1
4.0,1
0.5,1
5.0,1
3.5,3
2.0,1
3.0,2
5.0,1
3.0,1
1.0,1
3.5,1
2.0,1
1.75,2
3.0,1
2.0,1
3.5,1
4.0,1
0.5,2
1.5,1
3.0,2
2.3333333333333335,3
4.0,2
5.0,1
2.0,1
3.5,1
4.0,1
2.25,2
3.5,1
3.5,1
3.5,1
5.0,1
4.5,1
2.5,4
4.0,1
1.0,1
1.5,1
4.5,3
4.0,1
3.0714285714285716,7
4.0,1
3.0,1
2.0,2
5.0,1
1.0,1
3.0,1
2.0,1
3.5,1
1.5,1
2.6666666666666665,6
3.5,1
4.0,1
3.0,1
2.0,2
2.0,1
2.5,1
2.0,1
1.5,1
2.9166666666666665,6
1.0,1
4.0,1
4.25,2
2.0,1
1.5,1
2.0,1
3.0,1
4.1,25
1.5,1
3.4166666666666665,6
3.0,1
3.7,5
3.7,5
3.5,1
3.5,1
3.0,1
4.041666666666667,24
3.5,1
4.0,2
2.75,4
2.5,2
4.0,1
4.0,1
4.0,1
3.0,2
3.5,1
2.8333333333333335,3
2.5,1
3.0,1
3.75,2
2.75,2
4.0,3
2.9,5
4.5,2
3.5,1
2.875,4
1.0,1
5.0,1
5.0,1
5.0,1
2.5,2
1.5,1
2.5,4
2.0,1
1.5,1
1.0,1
1.5,1
2.5,1
2.4375,8
3.5,3
3.5,1
3.0,1
3.625,4
3.4285714285714284,7
3.5,1
4.0,2
3.0,1
1.5,1
5.0,1
4.5,1
5.0,1
4.0,1
3.625,12
3.0,1
4.0,1
3.5,2
3.4285714285714284,7
4.25,2
2.0,1
2.0,1
4.0,4
4.0,1
3.9,5
2.0,1
4.0,1
5.0,1
4.0,3
2.5,1
3.1666666666666665,3
3.5,3
3.0,1
5.0,1
5.0,1
5.0,1
5.0,1
5.0,1
5.0,1
5.0,1
4.0,1
5.0,1
4.0,1
5.0,1
5.0,1
5.0,1
3.5,1
4.0,1
1.3333333333333333,3
5.0,1
2.5,1
5.0,1
2.5,1
3.5,1
4.0,1
4.0,1
5.0,1
4.0,1
1.0,1
5.0,1
3.5,1
5.0,1
1.5,1
4.0,1
3.5,2
3.8333333333333335,9
3.0,1
2.0,1
3.5,2
1.5,1
2.5,1
3.5,1
3.5,3
2.0,1
1.5,1
2.0,1
3.0,1
4.0,1
1.5,1
5.0,1
3.0,1
2.5,1
3.0,1
1.0,1
4.0,2
4.0,1
3.0,1
2.5,1
3.0,1
4.166666666666667,6
3.5,1
2.0,1
3.0,1
4.0,1
5.0,1
3.5,1
3.5,1
4.0,1
3.0,1
5.0,1
3.6,10
2.5,1
5.0,1
3.0,1
4.0,1
3.0,2
3.5,3
4.333333333333333,3
3.0,1
3.0,1
2.5,1
4.5,1
2.0,1
3.0,1
3.0,1
4.166666666666667,3
5.0,1
4.5,1
2.5,1
5.0,1
2.5,1
0.5,1
3.7,5
1.5,1
4.0,9
3.0,1
3.0,1
4.0,1
5.0,1
4.0,1
4.0,1
1.0,1
5.0,1
4.0,1
1.25,2
3.75,2
3.5,1
1.5,1
3.3333333333333335,3
1.5,1
1.5,1
3.75,2
4.5,1
3.5,1
4.0,1
2.0,2
3.0,1
2.0,1
1.0,1
3.75,2
0.5,1
1.0,1
2.5,1
4.25,2
1.5,1
2.5,2
2.0,1
4.0,1
5.0,1
3.5,1
4.0,1
2.5,1
0.5,1
3.0,1
1.0,1
1.5,1
5.0,1
4.5,1
5.0,1
3.0,1
5.0,1
